Date,Open,High,Low,Close,Volume,Value,Change,Ticker
2018-01-02,51380,51400,50780,51020,169485,432677351468,0.12,005930
2018-01-03,52540,52560,51420,51620,200270,518345810160,1.18,005930
2018-01-04,52120,52180,50640,51080,233909,600531577700,-1.05,005930
2018-01-05,51300,52120,51200,52120,189623,490792925116,2.04,005930
2018-01-08,52400,52520,51500,52020,167673,435974098536,-0.19,005930
2018-01-09,51460,51720,49980,50400,360272,915580164480,-3.11,005930
2018-01-10,50500,50520,48640,48840,371336,913423173950,-3.1,005930
2018-01-11,48200,49260,48020,48240,502476,1216610828019,-1.23,005930
2018-01-12,48240,48480,46760,48200,545409,1294609288334,-0.08,005930
2018-01-15,48800,48980,47920,48540,201920,490174567000,0.71,005930
2018-01-16,48760,50140,48620,50000,407793,1006207691500,3.01,005930
2018-01-17,50020,50020,49060,49620,221061,548604859976,-0.76,005930
2018-01-18,50020,50640,49820,49900,296977,745730308744,0.56,005930
2018-01-19,50380,50380,49040,49320,184399,456632886890,-1.16,005930
2018-01-22,48640,48680,47960,48240,250418,603094917095,-2.19,005930
2018-01-23,48660,49160,48300,49160,270654,660111001789,1.91,005930
2018-01-24,48860,49700,48560,49340,191010,470754458857,0.37,005930
2018-01-25,49220,50360,49160,50260,223207,556833289000,1.86,005930
2018-01-26,50500,50780,49840,50780,207002,522484802400,1.03,005930
2018-01-29,51200,51480,50900,51220,236776,606585731237,0.87,005930
2018-01-30,50440,50640,49780,49800,245691,616153770244,-2.77,005930
2018-01-31,50020,54140,49600,49900,1293626,3351453496000,0.2,005930
2018-02-01,50620,50960,49720,49820,552189,1385573101302,-0.16,005930
2018-02-02,49380,49400,47700,47700,585207,1408721416002,-4.26,005930
2018-02-05,46500,48320,46000,47920,567158,1333662855850,0.46,005930
2018-02-06,46600,47920,46580,47420,388129,913939877925,-1.04,005930
2018-02-07,48240,48260,45800,45800,468961,1097890924000,-3.42,005930
2018-02-08,46120,46620,45980,46000,465021,1075498203230,0.44,005930
2018-02-09,44440,45180,44420,44700,349300,780790538640,-2.83,005930
2018-02-12,45100,46320,45040,45720,315099,719931323000,2.28,005930
2018-02-13,46200,48060,46200,47540,378465,896530740450,3.98,005930
2018-02-14,48080,49100,47940,49000,378118,922638233330,3.07,005930
2018-02-19,49800,49800,47860,48380,307069,746462578640,-1.27,005930
2018-02-20,48040,48160,47220,47400,202452,481057664650,-2.03,005930
2018-02-21,47280,47580,46840,47280,257604,607522785000,-0.25,005930
2018-02-22,47260,47260,46760,46760,177399,416552606000,-1.1,005930
2018-02-23,46760,47800,46760,47220,248466,587288884490,0.98,005930
2018-02-26,47280,47560,47080,47380,191213,452021608155,0.34,005930
2018-02-27,48360,48380,47380,47380,196611,470190818669,0.0,005930
2018-02-28,47380,48100,47000,47060,303247,718972454932,-0.68,005930
2018-03-02,46580,46800,46000,46020,265310,613078502354,-2.21,005930
2018-03-05,45820,46160,45080,45200,282019,639638106534,-1.78,005930
2018-03-06,45920,47100,45820,47020,308467,719307895174,4.03,005930
2018-03-07,48200,48900,47220,48620,428541,1036655011000,3.4,005930
2018-03-08,49200,49480,48080,49200,389273,952843675100,1.19,005930
2018-03-09,49440,50540,49240,49740,286088,714233056412,1.1,005930
2018-03-12,50560,50780,49580,49740,173779,434748776584,0.0,005930
2018-03-13,50760,51660,50360,51660,401974,1025226664800,3.86,005930
2018-03-14,51020,52000,51000,51760,254265,655032086650,0.19,005930
2018-03-15,52000,52020,51020,51540,177649,458293581896,-0.43,005930
2018-03-16,51220,51420,50240,51140,243698,618930949429,-0.78,005930
2018-03-19,50620,51340,50440,50740,164377,417387245000,-0.78,005930
2018-03-20,50700,51200,50100,51200,163865,414791150437,0.91,005930
2018-03-21,51780,51780,51060,51060,178104,456126647694,-0.27,005930
2018-03-22,51060,51780,51040,51780,169082,434965794173,1.41,005930
2018-03-23,50340,50720,49600,49720,297099,745226028606,-3.98,005930
2018-03-26,49420,50280,49040,50280,201155,500545941000,1.13,005930
2018-03-27,50320,50460,49080,49980,237480,591916093000,-0.6,005930
2018-03-28,49100,49100,48340,48700,303189,737578798000,-2.56,005930
2018-03-29,48700,49560,48320,49040,201340,492354522255,0.7,005930
2018-03-30,49080,49900,49080,49220,155542,385610024000,0.37,005930
2018-04-02,49000,49220,48500,48540,142313,346383448000,-1.38,005930
2018-04-03,47880,48140,47280,48120,255365,609108588000,-0.87,005930
2018-04-04,48160,48260,46920,46920,247684,586682025000,-2.49,005930
2018-04-05,47400,49380,47340,48740,264912,642625208000,3.88,005930
2018-04-06,48000,48580,47400,48400,250654,603210892000,-0.7,005930
2018-04-09,48260,49440,48200,49200,199008,488395543080,1.65,005930
2018-04-10,48540,49220,48040,48880,219687,534757298912,-0.65,005930
2018-04-11,49900,49900,48600,48860,201022,495246434000,-0.04,005930
2018-04-12,49440,49440,48880,49000,249325,612210717000,0.29,005930
2018-04-13,49600,50180,49400,49800,205566,512556399349,1.63,005930
2018-04-16,50320,50600,49860,50340,157549,396053424766,1.08,005930
2018-04-17,50240,50540,49820,49980,155440,389065519000,-0.72,005930
2018-04-18,51000,51360,50580,51360,269252,689012455000,2.76,005930
2018-04-19,52000,52980,51540,52780,343811,901505238771,2.76,005930
2018-04-20,51800,52260,51420,51620,235220,609151778944,-2.2,005930
2018-04-23,51000,52080,51000,51900,232380,600825481058,0.54,005930
2018-04-24,51840,51860,50080,50460,315406,799555958105,-2.77,005930
2018-04-25,49220,50500,49220,50400,332292,826565905260,-0.12,005930
2018-04-26,50420,52160,50400,52140,360931,931526175000,3.45,005930
2018-04-27,53380,53640,52440,53000,606216,1611240055340,1.65,005930
2018-04-30,0,0,0,53000,0,0,0.0,005930
2018-05-02,0,0,0,53000,0,0,0.0,005930
2018-05-03,0,0,0,53000,0,0,0.0,005930
2018-05-04,53000,53900,51800,51900,39565391,2078017927600,-2.08,005930
2018-05-08,52600,53200,51900,52600,23104720,1218273031700,1.35,005930
2018-05-09,52600,52800,50900,50900,16128305,831371915380,-3.23,005930
2018-05-10,51700,51700,50600,51600,13905263,712205749565,1.38,005930
2018-05-11,52000,52200,51200,51300,10314997,533764972575,-0.58,005930
2018-05-14,51000,51100,49900,50100,14909272,749531511450,-2.34,005930
2018-05-15,50200,50400,49100,49200,18709146,925775247300,-1.8,005930
2018-05-16,49200,50200,49150,49850,15918683,792346440425,1.32,005930
2018-05-17,50300,50500,49400,49400,10365440,515599228500,-0.9,005930
2018-05-18,49900,49900,49350,49500,6706570,332486703661,0.2,005930
2018-05-21,49650,50200,49100,50000,9020998,449244900046,1.01,005930
2018-05-23,50600,52000,50400,51800,17095490,878626895925,3.6,005930
2018-05-24,52000,52000,51100,51400,8289275,426263538776,-0.77,005930
2018-05-25,51000,52800,50800,52700,15207266,795151216200,2.53,005930
2018-05-28,52500,53000,52000,52300,9787820,513194269572,-0.76,005930
2018-05-29,52200,52500,51300,51300,8480437,437715454500,-1.91,005930
2018-05-30,51300,51500,49100,49500,20498098,1026412975306,-3.51,005930
2018-05-31,50400,50800,49850,50700,63491109,3160206301240,2.42,005930
2018-06-01,50500,51700,49950,51300,13038499,665063170392,1.18,005930
2018-06-04,50800,51200,50700,51100,9767171,498093853200,-0.39,005930
2018-06-05,51100,51400,50400,51300,9144100,465525312900,0.39,005930
2018-06-07,51800,51800,50500,50600,13590016,692915776683,-1.36,005930
2018-06-08,50200,50400,49600,49650,16951706,845302641812,-1.88,005930
2018-06-11,49750,50300,49350,49900,10571312,526740265568,0.5,005930
2018-06-12,49700,49800,49250,49400,12110569,598928631825,-1.0,005930
2018-06-14,49000,49000,48200,48200,20971729,1015090960043,-2.43,005930
2018-06-15,48500,48700,47650,47650,17080892,819652618343,-1.14,005930
2018-06-18,47600,47650,46200,46600,16661870,776901880750,-2.2,005930
2018-06-19,47200,47350,46500,47000,15217971,715277180200,0.86,005930
2018-06-20,47450,47600,46850,47000,12959316,611839591840,0.0,005930
2018-06-21,47900,47900,47050,47050,10015541,474358097500,0.11,005930
2018-06-22,47000,47250,46200,47250,10298006,481759277650,0.43,005930
2018-06-25,47050,47050,46150,46650,10587711,493006053900,-1.27,005930
2018-06-26,45900,47300,45900,47000,11223166,523396347150,0.75,005930
2018-06-27,47450,48500,47000,47950,15274752,728040991376,2.02,005930
2018-06-28,46850,47150,46600,46800,12784800,598306028303,-2.4,005930
2018-06-29,46250,47150,46200,46650,14099635,657784718850,-0.32,005930
2018-07-02,46500,47150,45500,45550,13112253,606565716120,-2.36,005930
2018-07-03,45750,46450,45750,46150,10959655,505688358350,1.32,005930
2018-07-04,46700,47050,46050,46250,8776763,408109538714,0.22,005930
2018-07-05,46100,46550,45600,45950,7039773,323467849000,-0.65,005930
2018-07-06,45500,45850,44650,44900,17843706,803677947100,-2.29,005930
2018-07-09,45500,46100,45200,45600,11602464,529092247400,1.56,005930
2018-07-10,46200,46550,46100,46300,10528665,487990716750,1.54,005930
2018-07-11,46400,46450,45400,46000,11224077,515223640592,-0.65,005930
2018-07-12,45900,46250,45450,45500,11828104,541036686150,-1.09,005930
2018-07-13,45800,46500,45750,46500,11543389,533402245850,2.2,005930
2018-07-16,46800,46800,46000,46050,7678719,356079488741,-0.97,005930
2018-07-17,46150,46200,45600,45850,8892953,408291768123,-0.43,005930
2018-07-18,46700,47200,46450,46550,10952645,511712248050,1.53,005930
2018-07-19,47050,47200,46600,46900,9880128,464089308875,0.75,005930
2018-07-20,47000,47600,46700,47450,10474547,493877704023,1.17,005930
2018-07-23,47100,47200,46150,46500,10823782,503026610900,-2.0,005930
2018-07-24,46350,46600,45950,46150,8261363,381832267160,-0.75,005930
2018-07-25,46250,46550,45900,46150,7222471,333206138150,0.0,005930
2018-07-26,46100,47000,46000,46900,7374946,344072402800,1.63,005930
2018-07-27,46450,47000,46450,46900,4762460,222452463126,0.0,005930
2018-07-30,46550,46800,46350,46500,5723035,266137814450,-0.85,005930
2018-07-31,46200,46450,46000,46250,8033607,371441937700,-0.54,005930
2018-08-01,46050,46850,46050,46550,7484499,347628686461,0.65,005930
2018-08-02,46550,46800,45500,45550,8560924,393892682650,-2.15,005930
2018-08-03,45850,45900,45450,45750,8274944,377640097734,0.44,005930
2018-08-06,46150,46150,45750,45800,6771979,311102588350,0.11,005930
2018-08-07,46300,46750,45900,46700,9058174,421267477875,1.97,005930
2018-08-08,47000,47000,46550,46800,6429338,300496036000,0.21,005930
2018-08-09,47000,47050,46450,46900,12010886,562115508475,0.21,005930
2018-08-10,46150,46400,44850,45400,16670643,757074407100,-3.2,005930
2018-08-13,44950,45100,44650,45050,9803831,440074792600,-0.77,005930
2018-08-14,44850,45400,44850,45150,6409259,289642674700,0.22,005930
2018-08-16,43800,44650,43700,44250,10088229,445397794650,-1.99,005930
2018-08-17,44050,44400,44050,44100,6808747,300777618579,-0.34,005930
2018-08-20,43500,44200,43500,43850,7289124,319179967555,-0.57,005930
2018-08-21,43700,44900,43700,44800,9520270,423682844807,2.17,005930
2018-08-22,45150,46200,44900,46100,11641656,532916173650,2.9,005930
2018-08-23,46150,46200,45700,46200,6730918,309343270650,0.22,005930
2018-08-24,45900,46400,45550,46150,6582535,302213248900,-0.11,005930
2018-08-27,46100,46550,46000,46300,5263782,243696166492,0.33,005930
2018-08-28,46800,46950,46300,46550,7365976,343322898494,0.54,005930
2018-08-29,46750,46800,46400,46800,5572374,259964187606,0.54,005930
2018-08-30,46950,47950,46700,47650,12193231,580258547207,1.82,005930
2018-08-31,47100,48450,47000,48450,13577454,652318032746,1.68,005930
2018-09-03,48200,48300,47300,47450,8595084,409459975273,-2.06,005930
2018-09-04,47550,47800,47200,47650,6791255,323146318571,0.42,005930
2018-09-05,47300,47450,46400,46600,9139998,429157782662,-2.2,005930
2018-09-06,46200,46400,45800,46100,9040553,416318421951,-1.07,005930
2018-09-07,44500,45200,44400,44900,18285508,819215923241,-2.6,005930
2018-09-10,45450,45550,45000,45500,9979838,452309806832,1.34,005930
2018-09-11,45550,45900,45050,45050,9865790,447167292954,-0.99,005930
2018-09-12,44900,45100,44500,44550,12995269,580625526020,-1.11,005930
2018-09-13,44550,44750,44000,44050,18277942,807794526518,-1.12,005930
2018-09-14,45000,45850,44900,45850,12446344,567635309851,4.09,005930
2018-09-17,45550,45800,44900,45150,8123384,367361318550,-1.53,005930
2018-09-18,44950,45900,44700,45500,9987090,454869947826,0.78,005930
2018-09-19,46000,46200,45700,46150,9367454,430987483700,1.43,005930
2018-09-20,46850,47600,46400,47250,13536966,638838502250,2.38,005930
2018-09-21,46550,47550,46550,47400,14476906,682177094783,0.32,005930
2018-09-27,46950,47500,46450,47500,15804586,742801242496,0.21,005930
2018-09-28,47250,47250,46300,46450,11270515,526127504500,-2.21,005930
2018-10-01,46450,46800,45800,46350,6354983,293932571121,-0.22,005930
2018-10-02,46450,46700,45700,45700,6607188,304304412500,-1.4,005930
2018-10-04,45150,45600,44700,44700,11865327,533018469730,-2.19,005930
2018-10-05,44800,45500,44550,44700,10544165,472928025851,0.0,005930
2018-10-08,44200,45200,44200,44950,6759464,303659853438,0.56,005930
2018-10-10,45250,45500,44500,45300,10341349,467913195347,0.78,005930
2018-10-11,44000,44650,43100,43100,19324537,844343711668,-4.86,005930
2018-10-12,43200,44650,43200,44000,12640906,555819477084,2.09,005930
2018-10-15,44050,44050,43350,43800,7434522,324349864008,-0.45,005930
2018-10-16,43700,44150,43350,43600,6825677,298409521650,-0.46,005930
2018-10-17,44150,44500,44000,44150,8306193,367501442800,1.26,005930
2018-10-18,43950,44450,43700,44050,8347725,368459881850,-0.23,005930
2018-10-19,43900,44150,43450,43900,7842520,343941369439,-0.34,005930
2018-10-22,43450,43950,43200,43550,8357648,364048308122,-0.8,005930
2018-10-23,43300,43450,42550,43050,9531231,410359339378,-1.15,005930
2018-10-24,43050,43100,42250,42550,13522825,575195361250,-1.16,005930
2018-10-25,40600,41550,40550,41000,19338170,793655503846,-3.64,005930
2018-10-26,41100,41300,40400,41000,14413864,589371007778,0.0,005930
2018-10-29,40850,41950,40550,41400,14460521,597885768395,0.98,005930
2018-10-30,41400,43000,41000,42350,14205190,604196474977,2.29,005930
2018-10-31,42900,43350,41700,42400,17621480,747032941791,0.12,005930
2018-11-01,42450,42950,42150,42150,13423132,570459206662,-0.59,005930
2018-11-02,43050,44250,42800,44150,16517112,716242611700,4.74,005930
2018-11-05,43750,43800,42900,43800,9426777,409145234602,-0.79,005930
2018-11-06,43750,43800,42950,43750,7713625,335005850955,-0.11,005930
2018-11-07,43600,44500,43400,44000,11553998,508909458050,0.57,005930
2018-11-08,44900,45050,44050,44050,12617397,562057316672,0.11,005930
2018-11-09,44450,44850,43900,44300,7318500,324257144750,0.57,005930
2018-11-12,43850,45250,43700,45200,8552566,383762517836,2.03,005930
2018-11-13,43900,44500,43400,44500,9311126,410326698042,-1.55,005930
2018-11-14,44500,44500,43800,44100,6783344,298839918986,-0.9,005930
2018-11-15,44050,44350,43500,44250,5864067,258043393106,0.34,005930
2018-11-16,44600,44750,43700,44000,7777124,343558543950,-0.56,005930
2018-11-19,44050,44250,43450,43650,7538720,329484578450,-0.8,005930
2018-11-20,42450,43000,42100,42800,9420664,402663272818,-1.95,005930
2018-11-21,41800,42300,41800,42100,10769589,452948578450,-1.64,005930
2018-11-22,42000,42650,42000,42450,5970796,253026136500,0.83,005930
2018-11-23,42450,42600,41900,42400,5192638,219016162650,-0.12,005930
2018-11-26,42150,42800,42100,42600,6613009,281292956782,0.47,005930
2018-11-27,42900,43100,42500,43050,8367091,358411353235,1.06,005930
2018-11-28,42800,43200,42750,43150,6943099,298451186806,0.23,005930
2018-11-29,43850,43850,42900,43150,8473511,367283420273,0.0,005930
2018-11-30,43450,44000,41750,41850,19775519,838775278782,-3.01,005930
2018-12-03,42750,43400,42400,43250,12110702,521013724675,3.35,005930
2018-12-04,42650,42900,41900,42150,14347746,605987183391,-2.54,005930
2018-12-05,40900,41750,40850,41450,12631983,522454917535,-1.66,005930
2018-12-06,40600,41100,40450,40500,14251826,579350131900,-2.29,005930
2018-12-07,40900,41400,40850,40950,11433083,469836158250,1.11,005930
2018-12-10,40450,40650,40000,40200,14892263,598916715336,-1.83,005930
2018-12-11,40600,40700,40200,40250,10638766,429054464300,0.12,005930
2018-12-12,40250,40700,40150,40450,12024279,486186060392,0.5,005930
2018-12-13,40650,40750,40000,40000,26254646,1054672523100,-1.11,005930
2018-12-14,40200,40200,38700,38950,19671783,768559029290,-2.63,005930
2018-12-17,38650,39600,38650,39150,11532968,452402501320,0.51,005930
2018-12-18,38300,39200,38300,38900,11042101,429736490346,-0.64,005930
2018-12-19,38900,39350,38850,39100,9942037,388002233278,0.51,005930
2018-12-20,38600,39100,38500,38650,11937617,462009678419,-1.15,005930
2018-12-21,38200,38650,38100,38650,14947080,575188706454,0.0,005930
2018-12-24,38500,39050,38300,38800,9729530,376007004600,0.39,005930
2018-12-26,38400,38750,38300,38350,12707675,488546395500,-1.16,005930
2018-12-27,38700,38800,38100,38250,10510643,403520824950,-0.26,005930
2018-12-28,38250,38900,38200,38700,9900267,382575637240,1.18,005930
2019-01-02,39400,39400,38550,38750,7847664,304682623050,0.13,005930
2019-01-03,38300,38550,37450,37600,12471493,472966535350,-2.97,005930
2019-01-04,37450,37600,36850,37450,14108958,525403005097,-0.4,005930
2019-01-07,38000,38900,37800,38750,12748997,490833164150,3.47,005930
2019-01-08,38000,39200,37950,38100,12756554,491578269750,-1.68,005930
2019-01-09,38650,39600,38300,39600,17452708,683003582870,3.94,005930
2019-01-10,40000,40150,39600,39800,14731699,587063456542,0.51,005930
2019-01-11,40350,40550,39950,40500,11661063,470286278900,1.76,005930
2019-01-14,40450,40700,39850,40050,11984996,481959001650,-1.11,005930
2019-01-15,40050,41100,39850,41100,11492756,468237873750,2.62,005930
2019-01-16,41150,41450,40700,41450,8491595,349967824950,0.85,005930
2019-01-17,41700,42100,41450,41950,11736903,491376805142,1.21,005930
2019-01-18,42000,42400,41950,42300,11029256,465779014650,0.83,005930
2019-01-21,42700,42750,41900,42750,11355701,482175851350,1.06,005930
2019-01-22,42750,42850,41850,42150,9964356,420046904750,-1.4,005930
2019-01-23,41350,42250,41350,42000,11071079,463297064600,-0.36,005930
2019-01-24,43050,43100,42350,43050,14747623,632002060800,2.5,005930
2019-01-25,44300,44750,43750,44750,22789395,1009867914800,3.95,005930
2019-01-28,45000,45500,44600,45050,17998914,812165597086,0.67,005930
2019-01-29,45050,45500,44350,45500,16215017,729601104797,1.0,005930
2019-01-30,44800,46400,44800,46400,17505980,802319669700,1.98,005930
2019-01-31,46650,47050,46150,46150,21621145,1007418016957,-0.54,005930
2019-02-01,46650,46950,46250,46350,13832454,644179617419,0.43,005930
2019-02-07,46800,47100,46200,46200,15872001,739207112566,-0.32,005930
2019-02-08,45700,45700,44650,44800,12689196,571010653800,-3.03,005930
2019-02-11,44500,45000,44250,45000,11125044,496105674534,0.45,005930
2019-02-12,44650,46250,44650,46050,13184367,604234331980,2.33,005930
2019-02-13,46400,46700,46000,46200,11299738,522769115550,0.33,005930
2019-02-14,46600,47500,46150,47500,17259341,808870207486,2.81,005930
2019-02-15,46750,46850,45650,46050,10554643,487928325500,-3.05,005930
2019-02-18,46500,46850,45850,46200,8183728,379385585300,0.33,005930
2019-02-19,45850,46150,45450,45950,6741395,309243749000,-0.54,005930
2019-02-20,46750,47100,46500,46900,11506720,538847352577,2.07,005930
2019-02-21,46500,47200,46200,46950,8694009,406411552100,0.11,005930
2019-02-22,46500,47150,46450,47150,6895772,322775255100,0.43,005930
2019-02-25,47400,47550,47050,47350,7484716,354011544900,0.42,005930
2019-02-26,47350,47450,46500,46750,7985547,374675186100,-1.27,005930
2019-02-27,47000,47250,46750,46750,8045211,377808474774,0.0,005930
2019-02-28,46400,46500,45100,45100,23569321,1073228686350,-3.53,005930
2019-03-04,46000,46100,44800,44850,12926539,585692172641,-0.55,005930
2019-03-05,44600,45100,44150,44250,10612405,471638443200,-1.34,005930
2019-03-06,44000,44300,43700,44000,10202544,447977041138,-0.56,005930
2019-03-07,43400,44950,43400,44450,11049749,490121520107,1.02,005930
2019-03-08,44450,44800,43800,43800,7729069,340351298588,-1.46,005930
2019-03-11,44400,44450,43650,43650,10717408,471357939175,-0.34,005930
2019-03-12,44300,44950,44150,44650,11431977,508997113650,2.29,005930
2019-03-13,44250,44450,43700,43850,8108343,356447378500,-1.79,005930
2019-03-14,43700,44300,43550,43850,18039161,789951149450,0.0,005930
2019-03-15,43800,44250,43700,44200,16814163,740350091250,0.8,005930
2019-03-18,43950,44150,43450,43700,8188876,357784123950,-1.13,005930
2019-03-19,43750,43900,43550,43900,7609563,333042841600,0.46,005930
2019-03-20,43800,44200,43100,44050,9846242,429486262650,0.34,005930
2019-03-21,44600,46250,44050,45850,21138016,966296342038,4.09,005930
2019-03-22,46850,47000,46250,46550,12535911,583256207100,1.53,005930
2019-03-25,45300,45650,44800,45500,8699728,394433133810,-2.26,005930
2019-03-26,45500,45700,44900,45250,9729811,440019808489,-0.55,005930
2019-03-27,44750,45600,44250,45350,9568081,430843286900,0.22,005930
2019-03-28,44950,45200,44300,44850,6821306,306038310100,-1.1,005930
2019-03-29,44500,44900,44200,44650,11491713,511623621750,-0.45,005930
2019-04-01,45200,45450,44850,45050,7362129,332300460800,0.9,005930
2019-04-02,45550,46100,45350,45750,9480688,433628262650,1.55,005930
2019-04-03,46750,46750,45800,46600,12436570,576545187625,1.86,005930
2019-04-04,46150,47100,46150,46950,12650168,591478058953,0.75,005930
2019-04-05,46950,47550,46600,46850,8546339,401643883300,-0.21,005930
2019-04-08,47250,47250,46150,46650,8507909,397148497800,-0.43,005930
2019-04-09,46700,46950,46200,46650,6878761,320647245000,0.0,005930
2019-04-10,46400,46700,46050,46700,11883995,550967366221,0.11,005930
2019-04-11,46700,46800,46150,46250,13697399,634752144300,-0.96,005930
2019-04-12,46050,46900,46000,46850,7668936,357084147550,1.3,005930
2019-04-15,47150,47500,47000,47050,8733019,412633207600,0.43,005930
2019-04-16,47400,47400,46800,47250,7730881,364272720183,0.43,005930
2019-04-17,47300,47600,47000,47050,5513658,260238026450,-0.42,005930
2019-04-18,47200,47250,45500,45600,12808747,589351882300,-3.08,005930
2019-04-19,45750,46000,45250,45300,8479710,386062293847,-0.66,005930
2019-04-22,45400,45900,45100,45350,6006957,273125405900,0.11,005930
2019-04-23,45050,45500,45000,45200,6920566,313179774125,-0.33,005930
2019-04-24,45400,45650,44150,44750,13299267,594100467458,-1.0,005930
2019-04-25,44250,45000,44100,44650,10868965,485378095190,-0.22,005930
2019-04-26,44200,45000,43800,44850,9739982,434008341453,0.45,005930
2019-04-29,45150,46150,45100,46150,8777517,401124009550,2.9,005930
2019-04-30,46000,46300,45350,45850,11121273,509855767200,-0.65,005930
2019-05-02,45500,46150,45400,45900,8625126,395453520550,0.11,005930
2019-05-03,45900,46050,45300,45300,6562916,298782689050,-1.31,005930
2019-05-07,45250,45300,44400,44850,12014907,538125202400,-0.99,005930
2019-05-08,44300,44850,44200,44250,10398754,462086636050,-1.34,005930
2019-05-09,43900,44250,42450,42450,23029718,993611649785,-4.07,005930
2019-05-10,42600,43450,42450,42900,14579512,624673461000,1.06,005930
2019-05-13,42500,43200,42350,42650,7635079,326874119000,-0.58,005930
2019-05-14,41300,43100,41300,42650,11563730,491109676200,0.0,005930
2019-05-15,42700,43050,42550,42550,7670185,327973978000,-0.23,005930
2019-05-16,42350,42400,41350,41550,13687828,572149879612,-2.35,005930
2019-05-17,41950,42050,40850,41200,13357951,554484416170,-0.84,005930
2019-05-20,41650,42100,41550,42000,15752397,659809912200,1.94,005930
2019-05-21,42600,43950,42350,43150,18812133,815224371474,2.74,005930
2019-05-22,43700,43800,42400,43500,11033339,477853598650,0.81,005930
2019-05-23,43900,44000,43250,43850,12259006,536198002640,0.8,005930
2019-05-24,43800,43800,42400,42700,13966305,599084523862,-2.62,005930
2019-05-27,42500,43000,42350,42650,8066669,344043547350,-0.12,005930
2019-05-28,42550,42950,42150,42550,24506881,1042865612000,-0.23,005930
2019-05-29,41850,42100,41300,41800,14930618,623333158995,-1.76,005930
2019-05-30,42200,42700,42150,42550,11766018,499609785843,1.79,005930
2019-05-31,42600,42800,42150,42500,11365999,483166570320,-0.12,005930
2019-06-03,42950,43900,42500,43800,15466580,673362393454,3.06,005930
2019-06-04,43400,43700,43000,43450,9913497,429427885923,-0.8,005930
2019-06-05,44050,44200,43700,43900,12464135,548114387962,1.04,005930
2019-06-07,43600,44350,43450,44200,11683682,513994258914,0.68,005930
2019-06-10,44300,44850,44050,44800,8792182,391890812549,1.36,005930
2019-06-11,44800,45000,44550,44850,6664872,298796054387,0.11,005930
2019-06-12,44800,45050,44300,44600,8607439,384320254600,-0.56,005930
2019-06-13,44200,44400,43400,43750,16906541,740494046450,-1.91,005930
2019-06-14,43750,44150,43300,44000,9322873,408762663250,0.57,005930
2019-06-17,43750,44050,43400,43900,11890424,521513724525,-0.23,005930
2019-06-18,43750,44500,43650,44350,7994928,353712380200,1.03,005930
2019-06-19,45450,45450,45000,45350,10417690,471407748782,2.25,005930
2019-06-20,44850,45500,44850,45500,7147785,323655518900,0.33,005930
2019-06-21,45750,45800,45200,45700,9454913,430710891468,0.44,005930
2019-06-24,45200,45800,45200,45500,6085066,276882466792,-0.44,005930
2019-06-25,45200,45800,45200,45600,7076774,322055494450,0.22,005930
2019-06-26,45800,46000,45600,45700,9226097,422131883650,0.22,005930
2019-06-27,46000,46600,45750,46500,12603534,583888994023,1.75,005930
2019-06-28,47000,47000,46700,47000,12949231,607214695012,1.08,005930
2019-07-01,47350,47400,46250,46600,11383522,531568615560,-0.85,005930
2019-07-02,46200,46900,45850,46250,8463073,393048199550,-0.75,005930
2019-07-03,45750,46350,45200,45400,9669368,441064910450,-1.84,005930
2019-07-04,45250,46200,45250,46000,6365573,291453618600,1.32,005930
2019-07-05,45950,45950,45250,45650,7235395,329446758350,-0.76,005930
2019-07-08,44750,44800,44350,44400,7823843,348372973250,-2.74,005930
2019-07-09,44850,45450,44700,45100,7646421,344766406100,1.58,005930
2019-07-10,45550,46150,45500,45550,9253930,424302255500,1.0,005930
2019-07-11,46350,46550,46150,46200,10989751,509185216650,1.43,005930
2019-07-12,46350,46400,45800,46300,5245804,242358883168,0.22,005930
2019-07-15,45950,46650,45750,46450,4717226,218263191350,0.32,005930
2019-07-16,46450,46850,46300,46850,7407824,345958239250,0.86,005930
2019-07-17,46150,46350,45950,46050,5216602,240498161650,-1.71,005930
2019-07-18,46450,46450,45650,46100,5143554,236877510134,0.11,005930
2019-07-19,46650,46950,46600,46800,8819393,412852787848,1.52,005930
2019-07-22,46800,47300,46600,47200,9009109,424205013600,0.85,005930
2019-07-23,47350,47550,47050,47300,9061381,429349238170,0.21,005930
2019-07-24,47100,47150,46250,46400,8756522,409321465430,-1.9,005930
2019-07-25,47150,47200,46600,47200,8408838,395532731225,1.72,005930
2019-07-26,46650,47150,46550,47150,7873886,369298053350,-0.11,005930
2019-07-29,46800,47050,46000,46100,6856846,317737125350,-2.23,005930
2019-07-30,46300,46850,46300,46550,5551014,258641150150,0.98,005930
2019-07-31,46200,46600,45000,45350,12872916,587387120481,-2.58,005930
2019-08-01,44900,45500,44850,45200,7811181,352893515167,-0.33,005930
2019-08-02,44550,45500,44300,44950,12151374,544793370731,-0.55,005930
2019-08-05,44350,44600,43600,43950,14214086,625945825644,-2.22,005930
2019-08-06,42500,43800,42500,43500,15083824,654804702700,-1.02,005930
2019-08-07,43600,43900,43100,43200,10002533,434499731150,-0.69,005930
2019-08-08,43250,43500,42650,42650,16926881,728073989762,-1.27,005930
2019-08-09,43250,43350,43050,43150,9685147,418719202234,1.17,005930
2019-08-12,44000,44000,43550,43700,8466169,370531220719,1.27,005930
2019-08-13,43500,43500,42950,43000,7276979,314190574087,-1.6,005930
2019-08-14,43900,44250,43500,43700,8750135,383427243850,1.63,005930
2019-08-16,43800,43900,43300,43900,9528115,416192236090,0.46,005930
2019-08-19,44350,44350,43500,43600,6014218,263401487628,-0.68,005930
2019-08-20,43950,44600,43550,44450,8434205,372091601275,1.95,005930
2019-08-21,44350,44800,44150,44500,6571717,292348877350,0.11,005930
2019-08-22,44500,44700,43850,44050,8061177,355618836720,-1.01,005930
2019-08-23,43800,44200,43650,43950,5017381,220739412887,-0.23,005930
2019-08-26,43050,43800,42950,43600,7954949,344832138542,-0.8,005930
2019-08-27,43650,44200,43600,44050,16883932,742426393550,1.03,005930
2019-08-28,44100,44400,43750,44150,5758333,254051709450,0.23,005930
2019-08-29,44200,44200,43050,43400,10768862,470572328400,-1.7,005930
2019-08-30,43750,44300,43750,44000,9899073,436336508825,1.38,005930
2019-09-02,44850,44850,43650,43800,7185537,315990555191,-0.45,005930
2019-09-03,43550,43650,43100,43250,9774941,423350120096,-1.26,005930
2019-09-04,43250,44100,43150,44100,12441837,541987335135,1.97,005930
2019-09-05,44800,46100,44450,45700,18297430,832665319906,3.63,005930
2019-09-06,46500,46500,45850,46300,9896562,457523733862,1.31,005930
2019-09-09,46450,47000,46300,46900,9434157,441487237614,1.3,005930
2019-09-10,47100,47200,46550,47000,9231792,433164412079,0.21,005930
2019-09-11,47300,47400,46800,47150,16141619,761316760839,0.32,005930
2019-09-16,47000,47100,46400,47100,15550926,728202586041,-0.11,005930
2019-09-17,47000,47100,46800,46900,7006280,328706028343,-0.42,005930
2019-09-18,46900,47700,46800,47700,10413027,494000382350,1.71,005930
2019-09-19,48050,49200,47850,49150,16461413,803291510354,3.04,005930
2019-09-20,49400,49600,49100,49200,15460210,763186888796,0.1,005930
2019-09-23,49250,49300,49000,49300,7568553,372222879052,0.2,005930
2019-09-24,49050,49650,48850,49500,7871955,387800287488,0.41,005930
2019-09-25,49200,49350,48800,48900,9187141,450710752494,-1.21,005930
2019-09-26,49000,49250,48900,49200,8494756,416997074010,0.61,005930
2019-09-27,48000,48700,48000,48400,8048041,389082071548,-1.63,005930
2019-09-30,48050,49250,47900,49050,9497119,462639969057,1.34,005930
2019-10-01,48900,49100,48650,48850,6206035,303325772450,-0.41,005930
2019-10-02,48350,48400,47600,47600,8382463,401924907550,-2.56,005930
2019-10-04,47400,48650,47350,48000,9331695,448302388700,0.84,005930
2019-10-07,48350,48700,47650,47750,7047273,338656459900,-0.52,005930
2019-10-08,47900,49000,47600,48900,14239367,689495282584,2.41,005930
2019-10-10,48200,49200,48000,48550,18639855,904488044211,-0.72,005930
2019-10-11,49000,49450,48800,49150,7783275,382773784700,1.24,005930
2019-10-14,50000,50300,49850,50000,11130635,557617555504,1.73,005930
2019-10-15,49900,50200,49900,50100,6058105,303431646175,0.2,005930
2019-10-16,50700,50900,50400,50700,9136282,462745898500,1.2,005930
2019-10-17,50500,50600,50100,50500,6701380,337530648575,-0.39,005930
2019-10-18,50300,50900,49650,49900,8483106,426947644700,-1.19,005930
2019-10-21,49900,50400,49800,50300,4406531,220999176006,0.8,005930
2019-10-22,50800,51500,50700,51200,10898729,557128142700,1.79,005930
2019-10-23,51300,51500,50800,51200,8663880,443384578580,0.0,005930
2019-10-24,52500,52500,50500,50700,21185785,1077416754960,-0.98,005930
2019-10-25,50800,51200,50500,50900,7879897,400781388215,0.39,005930
2019-10-28,50700,51500,50700,51300,6431522,329526364800,0.79,005930
2019-10-29,51400,51700,50800,51100,7581629,387754807400,-0.39,005930
2019-10-30,50700,50800,50200,50400,8959435,452020459800,-1.37,005930
2019-10-31,51000,51400,50300,50400,10304777,525166427240,0.0,005930
2019-11-01,50600,51200,50400,51200,8467846,422791080695,1.59,005930
2019-11-04,51700,52300,51400,52300,13012411,677400213024,2.15,005930
2019-11-05,52400,52700,52100,52700,10581034,555449246731,0.76,005930
2019-11-06,52900,53500,52700,53300,14361133,762569938800,1.14,005930
2019-11-07,53400,53400,52400,52900,9257116,488509940000,-0.75,005930
2019-11-08,53200,53300,52000,52100,11603290,610282480568,-1.51,005930
2019-11-11,52200,52200,51400,51600,8185952,423836375400,-0.96,005930
2019-11-12,51800,52600,51600,52600,6576148,342965962768,1.94,005930
2019-11-13,52500,52500,52000,52500,6225196,325646010400,-0.19,005930
2019-11-14,51900,52800,51900,52800,12010018,630539802800,0.57,005930
2019-11-15,52900,53700,52600,53700,9703360,518314735700,1.7,005930
2019-11-18,53600,53800,53200,53500,7746554,414198897643,-0.37,005930
2019-11-19,53200,53500,52700,53500,8907177,473053167900,0.0,005930
2019-11-20,53400,53400,52000,52000,12560070,659160082100,-2.8,005930
2019-11-21,51600,52100,50600,51000,14298646,729351449095,-1.92,005930
2019-11-22,51000,51600,50900,51600,8478310,435737139400,1.18,005930
2019-11-25,52200,52600,51700,51800,9050625,472175585364,0.39,005930
2019-11-26,51900,52900,51800,51800,27372226,1424278443400,0.0,005930
2019-11-27,51800,52300,51600,52200,7546261,392691809100,0.77,005930
2019-11-28,51900,52100,51300,51300,6833885,353450137280,-1.72,005930
2019-11-29,51200,51400,50200,50300,11179334,564595695520,-1.95,005930
2019-12-02,50900,51300,50400,50400,18877252,944328229958,0.2,005930
2019-12-03,49800,50300,49500,49900,12059812,602054578125,-0.99,005930
2019-12-04,49600,49850,49000,49450,13246549,654934907032,-0.9,005930
2019-12-05,50200,50400,49500,49500,10449715,520066824288,0.1,005930
2019-12-06,50100,50900,49950,50400,11414563,575969563191,1.82,005930
2019-12-09,50900,51400,50700,51200,8470627,432759572820,1.59,005930
2019-12-10,51000,51600,50700,51500,6882771,352659899000,0.59,005930
2019-12-11,51500,52200,51400,51900,11379521,589979802358,0.78,005930
2019-12-12,53000,53300,52700,53300,29178697,1551714040400,2.7,005930
2019-12-13,54500,54800,53900,54700,18120261,987028214950,2.63,005930
2019-12-16,54500,54900,54300,54700,11512405,630059638501,0.0,005930
2019-12-17,55800,56700,55400,56700,19358433,1087303287900,3.66,005930
2019-12-18,56700,57200,56000,56300,15558208,878485590900,-0.71,005930
2019-12-19,57000,57300,55500,56000,14180520,799290537431,-0.53,005930
2019-12-20,56100,56500,55600,56000,12095519,677520520600,0.0,005930
2019-12-23,56100,56400,55100,55500,9839252,546622686828,-0.89,005930
2019-12-24,55600,55700,54800,55000,11868463,655144129100,-0.9,005930
2019-12-26,54700,55400,54400,55400,9645034,530104740900,0.73,005930
2019-12-27,55700,56900,55500,56500,12313056,692415134500,1.99,005930
2019-12-30,56200,56600,55700,55800,8356767,467929804000,-1.24,005930
2020-01-02,55500,56000,55000,55200,12993228,719663194492,-1.08,005930
2020-01-03,56000,56600,54900,55500,15422255,860206709400,0.54,005930
2020-01-06,54900,55600,54600,55500,10278951,567461518576,0.0,005930
2020-01-07,55700,56400,55600,55800,10009778,560226659600,0.54,005930
2020-01-08,56200,57400,55900,56800,23501171,1330939275000,1.79,005930
2020-01-09,58400,58600,57400,58600,24102579,1402996580240,3.17,005930
2020-01-10,58800,59700,58300,59500,16000170,945370595609,1.54,005930
2020-01-13,59600,60000,59100,60000,11359139,677775904500,0.84,005930
2020-01-14,60400,61000,59900,60000,16906295,1021497902472,0.0,005930
2020-01-15,59500,59600,58900,59000,14300928,846497803148,-1.67,005930
2020-01-16,59100,60700,59000,60700,14381774,862500254132,2.88,005930
2020-01-17,61900,62000,61000,61300,16025661,984566747211,0.99,005930
2020-01-20,62000,62800,61700,62400,12528855,781048125700,1.79,005930
2020-01-21,62000,62400,61200,61400,11142693,686991404500,-1.6,005930
2020-01-22,60500,62600,60400,62300,15339565,943882357729,1.47,005930
2020-01-23,61800,61800,60700,60800,14916555,912319470070,-2.41,005930
2020-01-28,59400,59400,58300,58800,23664541,1394361672900,-3.29,005930
2020-01-29,59100,59700,58800,59100,16446102,975344481100,0.51,005930
2020-01-30,58800,58800,56800,57200,20821939,1202914994182,-3.21,005930
2020-01-31,57800,58400,56400,56400,19749457,1132894868886,-1.4,005930
2020-02-03,55500,57400,55200,57200,23995260,1354043037985,1.42,005930
2020-02-04,57100,59000,56800,58900,21800192,1271098154792,2.97,005930
2020-02-05,60000,60200,58900,59500,19278165,1147948101875,1.02,005930
2020-02-06,60100,61100,59700,61100,14727159,889351613760,2.69,005930
2020-02-07,61100,61200,59700,60400,16402493,989081174058,-1.15,005930
2020-02-10,59200,59800,59100,59700,13107121,779716562160,-1.16,005930
2020-02-11,59800,60700,59700,59900,11071231,665611292200,0.34,005930
2020-02-12,60300,60700,59700,60500,12904207,776552625500,1.0,005930
2020-02-13,61200,61600,60500,60700,18449775,1127648710000,0.33,005930
2020-02-14,60900,61900,60200,61800,13276067,814138135400,1.81,005930
2020-02-17,61600,62000,61200,61500,8740596,538520786200,-0.49,005930
2020-02-18,60800,60900,59700,59800,16674266,1004070367400,-2.76,005930
2020-02-19,59800,60400,59400,60200,12951496,775714875900,0.67,005930
2020-02-20,60700,61300,59600,60000,14591924,880828906700,-0.33,005930
2020-02-21,58800,59800,58500,59200,13777393,817158847200,-1.33,005930
2020-02-24,57400,58100,56800,56800,25627537,1470408487400,-4.05,005930
2020-02-25,56200,58000,56200,57900,23885408,1368868270940,1.94,005930
2020-02-26,56000,57000,56000,56500,25483102,1440950384200,-2.42,005930
2020-02-27,56300,56900,55500,55900,23209541,1301501421886,-1.06,005930
2020-02-28,55000,55500,54200,54200,30054227,1642134682946,-3.04,005930
2020-03-02,54300,55500,53600,55000,30403412,1665341867719,1.48,005930
2020-03-03,56700,56900,55100,55400,30330295,1702259497750,0.73,005930
2020-03-04,54800,57600,54600,57400,24765728,1405494544044,3.61,005930
2020-03-05,57600,58000,56700,57800,21698990,1245378832100,0.7,005930
2020-03-06,56500,57200,56200,56500,18716656,1058857640100,-2.25,005930
2020-03-09,54700,55000,53600,54200,30261485,1642720550800,-4.07,005930
2020-03-10,53800,54900,53700,54600,32106554,1744478326491,0.74,005930
2020-03-11,54300,54400,52000,52100,45707281,2425785996150,-4.58,005930
2020-03-12,51000,51900,49300,50800,48149999,2436965909150,-2.5,005930
2020-03-13,47450,51600,46850,49950,59462933,2902883152100,-1.67,005930
2020-03-16,50100,50900,48800,48900,33339821,1657128732300,-2.1,005930
2020-03-17,46900,49650,46700,47300,51218151,2453541661000,-3.27,005930
2020-03-18,47750,48350,45600,45600,40152623,1896703404150,-3.59,005930
2020-03-19,46400,46650,42300,42950,56925513,2502939391663,-5.81,005930
2020-03-20,44150,45500,43550,45400,49730008,2221272156100,5.7,005930
2020-03-23,42600,43550,42400,42500,41701626,1789671838540,-6.39,005930
2020-03-24,43850,46950,43050,46950,49801908,2254620196840,10.47,005930
2020-03-25,48950,49600,47150,48650,52735922,2552010175155,3.62,005930
2020-03-26,49000,49300,47700,47800,42185129,2044314125302,-1.75,005930
2020-03-27,49600,49700,46850,48300,39896178,1931405584780,1.05,005930
2020-03-30,47050,48350,46550,47850,26797395,1268118958800,-0.93,005930
2020-03-31,48000,48500,47150,47750,30654261,1467323482646,-0.21,005930
2020-04-01,47450,47900,45800,45800,27259532,1282482561850,-4.08,005930
2020-04-02,46200,46850,45350,46800,21621076,997831026144,2.18,005930
2020-04-03,47400,47600,46550,47000,22784682,1074179776900,0.43,005930
2020-04-06,47500,48800,47250,48700,23395726,1123253804353,3.62,005930
2020-04-07,49650,50200,49000,49600,31524034,1561332868425,1.85,005930
2020-04-08,49600,49750,48600,48600,25010314,1230375023250,-2.02,005930
2020-04-09,49750,49800,48700,49100,22628058,1111936132700,1.03,005930
2020-04-10,48950,49250,48650,49250,17839111,872177014700,0.31,005930
2020-04-13,48650,48900,48300,48300,14431800,700511423000,-1.93,005930
2020-04-14,48800,49200,48300,49000,14206216,694513122356,1.45,005930
2020-04-16,49350,49350,48550,49000,23349760,1143759563262,0.0,005930
2020-04-17,50800,52000,50300,51400,32041675,1641068274800,4.9,005930
2020-04-20,51400,51400,50000,50100,21866354,1106551694407,-2.53,005930
2020-04-21,49400,49700,48700,49250,27407543,1347414680188,-1.7,005930
2020-04-22,48700,50000,48350,49850,18613864,912223008750,1.22,005930
2020-04-23,50200,50300,49500,49850,18754442,936174022950,0.0,005930
2020-04-24,49650,49750,49000,49350,15618347,771212431650,-1.0,005930
2020-04-27,49350,50000,49100,49850,14049471,697230549360,1.01,005930
2020-04-28,49850,50100,49300,50100,16095399,800260923102,0.5,005930
2020-04-29,49900,50500,49600,50000,15604533,780706354100,-0.2,005930
2020-05-04,48900,49100,48500,48500,26083749,1270816552521,-3.0,005930
2020-05-06,49000,49200,48500,49200,18070225,882453648920,1.44,005930
2020-05-07,49200,49300,48700,48800,13884411,679668516460,-0.81,005930
2020-05-08,49100,49350,48800,48800,15319700,752271196120,0.0,005930
2020-05-11,48900,49250,48300,48400,16357743,797523862042,-0.82,005930
2020-05-12,48400,48500,47550,47900,23433590,1122420047086,-1.03,005930
2020-05-13,47250,48550,47200,48550,20223277,966405911050,1.36,005930
2020-05-14,47750,48100,47650,48000,19305974,924043501923,-1.13,005930
2020-05-15,48400,48450,47700,47850,18463118,887550446744,-0.31,005930
2020-05-18,47950,49100,47600,48800,20481981,995409039450,1.99,005930
2020-05-19,50100,50500,49700,50300,25168295,1261317730005,3.07,005930
2020-05-20,50000,50200,49800,50000,14896899,744469755655,-0.6,005930
2020-05-21,50300,50400,49850,49950,14949266,748343432800,-0.1,005930
2020-05-22,49600,49800,48600,48750,19706284,965729655667,-2.4,005930
2020-05-25,48750,48900,48450,48850,14337913,698563353200,0.21,005930
2020-05-26,48700,49450,48600,49250,15127490,742843644150,0.82,005930
2020-05-27,48950,50000,48800,49900,19548479,969951903266,1.32,005930
2020-05-28,51100,51200,49900,50400,31309318,1585346422778,1.0,005930
2020-05-29,50000,50700,49700,50700,27596961,1390445842147,0.6,005930
2020-06-01,50800,51200,50600,51200,16949183,864647248100,0.99,005930
2020-06-02,51000,51500,50800,51400,14247933,730124279860,0.39,005930
2020-06-03,51800,55000,51700,54500,49257814,2655435431458,6.03,005930
2020-06-04,55800,57000,54600,54600,40220334,2236419728472,0.18,005930
2020-06-05,54400,55900,54000,55500,22743629,1254429842650,1.65,005930
2020-06-08,56400,56500,54700,54900,25634965,1418831067805,-1.08,005930
2020-06-09,55800,56500,54400,55500,23998831,1326558066100,1.09,005930
2020-06-10,55100,55900,54900,55400,16742493,927393114690,-0.18,005930
2020-06-11,54500,55100,53200,54300,33815123,1832273837760,-1.99,005930
2020-06-12,52100,52800,51500,52300,26976019,1410310719795,-3.68,005930
2020-06-15,51400,52000,49900,49900,28772921,1468000064800,-4.59,005930
2020-06-16,51200,52100,50600,52100,21808375,1124878770600,4.41,005930
2020-06-17,52100,52900,51300,52200,26672595,1390772012000,0.19,005930
2020-06-18,52200,52300,51600,52300,15982926,830793475311,0.19,005930
2020-06-19,52600,52900,51600,52900,18157985,950404357573,1.15,005930
2020-06-22,52000,52600,51800,52000,13801350,720717590485,-1.7,005930
2020-06-23,52500,52800,51100,51400,18086152,937055386584,-1.15,005930
2020-06-24,51900,53900,51600,52900,24519552,1301305533100,2.92,005930
2020-06-25,52100,53000,51900,51900,18541624,970494909540,-1.89,005930
2020-06-26,52800,53900,52200,53300,21575360,1146335751523,2.7,005930
2020-06-29,52500,53200,52000,52400,17776925,934880364880,-1.69,005930
2020-06-30,53900,53900,52800,52800,21157172,1129431038800,0.76,005930
2020-07-01,53400,53600,52400,52600,16706143,884144616500,-0.38,005930
2020-07-02,52100,52900,52100,52900,14142583,742668048500,0.57,005930
2020-07-03,53000,53600,52700,53600,11887868,633333112600,1.32,005930
2020-07-06,54000,55000,53800,55000,19856623,1084003637100,2.61,005930
2020-07-07,55800,55900,53400,53400,30760032,1672753640892,-2.91,005930
2020-07-08,53600,53900,52900,53000,19664652,1049005171762,-0.75,005930
2020-07-09,53200,53600,52800,52800,17054850,906942878150,-0.38,005930
2020-07-10,53100,53200,52300,52700,13714746,722449635016,-0.19,005930
2020-07-13,53300,53800,53100,53400,12240188,654721870500,1.33,005930
2020-07-14,53700,53800,53200,53800,14269484,763627089664,0.75,005930
2020-07-15,54400,55000,54300,54700,24051450,1317316063250,1.67,005930
2020-07-16,54800,54800,53800,53800,16779127,909095378660,-1.65,005930
2020-07-17,54200,54700,54100,54400,10096174,549370576992,1.12,005930
2020-07-20,54800,54800,54000,54200,10507530,571387369575,-0.37,005930
2020-07-21,55200,55400,54800,55300,18297260,1009862822645,2.03,005930
2020-07-22,55300,55500,54700,54700,12885057,708749076605,-1.08,005930
2020-07-23,54700,54700,53800,54100,16214932,876160340400,-1.1,005930
2020-07-24,54000,54400,53700,54200,10994535,594537647200,0.18,005930
2020-07-27,54300,55700,54300,55600,21054421,1165206653173,2.58,005930
2020-07-28,57000,58800,56400,58600,48431566,2803148376939,5.4,005930
2020-07-29,60300,60400,58600,59000,36476611,2169959308582,0.68,005930
2020-07-30,59700,60100,59000,59000,19285354,1147803957700,0.0,005930
2020-07-31,59500,59600,57700,57900,21943345,1282932055676,-1.86,005930
2020-08-03,57800,57900,56700,56800,21158940,1209657414100,-1.9,005930
2020-08-04,57200,58100,57000,57300,19419694,1115746295800,0.88,005930
2020-08-05,57300,57500,56300,56900,17739706,1007826798950,-0.7,005930
2020-08-06,57100,58400,57100,58000,21625874,1250813614044,1.93,005930
2020-08-07,57900,58400,57100,57500,18751717,1081791206100,-0.86,005930
2020-08-10,57600,58300,57500,57800,17774291,1029079820059,0.52,005930
2020-08-11,58000,59500,57800,58200,24907912,1462107447200,0.69,005930
2020-08-12,58200,59000,57700,59000,18573934,1083108188236,1.37,005930
2020-08-13,59400,59600,58000,58700,22089460,1300659649700,-0.51,005930
2020-08-14,58000,58400,57700,58000,15672548,909052518800,-1.19,005930
2020-08-18,58900,59900,58000,58400,25307825,1490616755852,0.69,005930
2020-08-19,59000,59200,57800,57800,16930719,988995651300,-1.03,005930
2020-08-20,57600,57600,55300,55400,30386029,1709571902444,-4.15,005930
2020-08-21,56200,56900,55800,55900,21142288,1190753262800,0.9,005930
2020-08-24,55800,56600,55400,56100,15055896,843921714200,0.36,005930
2020-08-25,56400,56800,56100,56400,14021705,790968401812,0.53,005930
2020-08-26,56400,56500,55700,56400,17651593,989962031580,0.0,005930
2020-08-27,56300,56300,55600,55600,16196568,903860902050,-1.42,005930
2020-08-28,56100,56300,55400,55400,14619888,815588008400,-0.36,005930
2020-08-31,56000,56100,54000,54000,32671367,1786245513500,-2.53,005930
2020-09-01,54100,54800,54100,54200,19363117,1052420037800,0.37,005930
2020-09-02,54600,55100,54100,54400,16905723,922056312614,0.37,005930
2020-09-03,55600,56700,55500,56400,28384920,1598059625582,3.68,005930
2020-09-04,55200,55800,55100,55600,22139109,1228386611600,-1.42,005930
2020-09-07,56100,57300,55800,56500,18685880,1056350331000,1.62,005930
2020-09-08,57400,58700,57200,58700,31517520,1832705754500,3.89,005930
2020-09-09,58200,59300,57800,58400,30597399,1791534297254,-0.51,005930
2020-09-10,59900,60000,59100,59200,29923293,1781328402942,1.37,005930
2020-09-11,59300,59400,58200,59000,16017098,942685984646,-0.34,005930
2020-09-14,60200,60800,59900,60400,20648281,1245767959295,2.37,005930
2020-09-15,60900,61000,60500,61000,17877075,1086697538650,0.99,005930
2020-09-16,61100,61300,60600,61000,17041444,1038410020500,0.0,005930
2020-09-17,60700,60800,59300,59500,25108356,1501982218002,-2.46,005930
2020-09-18,59800,59900,59100,59300,18884571,1121249648513,-0.34,005930
2020-09-21,59100,60000,59000,59200,15140387,901307763394,-0.17,005930
2020-09-22,59100,59700,57800,58200,20830381,1220859748740,-1.69,005930
2020-09-23,58400,58800,57400,58600,20111398,1168864315200,0.69,005930
2020-09-24,57700,58600,57600,57800,17564020,1017854385100,-1.37,005930
2020-09-25,57700,58200,57700,57900,11444683,662845003372,0.17,005930
2020-09-28,58300,58800,57900,58200,12614080,736197322600,0.52,005930
2020-09-29,58300,59000,58200,58200,15503563,906226742600,0.0,005930
2020-10-05,57500,59200,57500,58700,20228289,1183456525264,0.86,005930
2020-10-06,59400,59900,58700,59000,14463826,856996117132,0.51,005930
2020-10-07,58700,59900,58500,59900,14861838,881415107100,1.53,005930
2020-10-08,60500,60700,59500,59700,24589924,1473634246833,-0.33,005930
2020-10-12,60000,60400,59900,60400,16145837,972249295640,1.17,005930
2020-10-13,61000,61400,60400,60900,19247631,1171363073700,0.83,005930
2020-10-14,61000,61100,60500,60900,16086716,978464277839,0.0,005930
2020-10-15,60700,60800,59700,60000,17756232,1066156791500,-1.48,005930
2020-10-16,60000,60400,59000,59500,16554190,987630872630,-0.83,005930
2020-10-19,59600,60200,59500,60000,14474985,867445905100,0.84,005930
2020-10-20,60300,60900,60100,60900,19326115,1172317250906,1.5,005930
2020-10-21,61200,61500,60600,60900,15703443,959154941000,0.0,005930
2020-10-22,60300,60500,59800,60100,14294095,858048333246,-1.31,005930
2020-10-23,60400,60400,59800,60200,9322232,560419899005,0.17,005930
2020-10-26,60400,61100,60100,60400,13268226,803140204300,0.33,005930
2020-10-27,60300,60300,59500,59800,17260416,1032623352660,-0.99,005930
2020-10-28,59400,59400,58800,59000,14428882,851618619425,-1.34,005930
2020-10-29,58200,58500,57500,58100,22636966,1313484238200,-1.53,005930
2020-10-30,58000,58000,56600,56600,26907844,1541223383000,-2.58,005930
2020-11-02,56400,57500,56000,57400,20489076,1165272782935,1.41,005930
2020-11-03,57900,58900,57600,58800,14950919,873635908544,2.44,005930
2020-11-04,58900,59000,57800,58500,21718561,1269055231850,-0.51,005930
2020-11-05,59000,60300,58800,60300,20639475,1232654470000,3.08,005930
2020-11-06,60700,60800,59600,60100,16910230,1015446062300,-0.33,005930
2020-11-09,60700,60900,60100,60200,15892961,962261517220,0.17,005930
2020-11-10,60500,60500,59500,60200,19073552,1144230876258,0.0,005930
2020-11-11,60700,61400,60400,61300,25628510,1562195790430,1.83,005930
2020-11-12,61000,61400,60700,61000,19800573,1208396630080,-0.49,005930
2020-11-13,61300,63200,61000,63200,31508829,1962139786626,3.61,005930
2020-11-16,64000,66700,63900,66300,36354334,2384455883700,4.91,005930
2020-11-17,67000,67000,65600,65700,30204089,1999330006280,-0.9,005930
2020-11-18,65700,66200,64700,64800,22963790,1495190594762,-1.37,005930
2020-11-19,64100,64800,63900,64600,16590290,1066784816800,-0.31,005930
2020-11-20,63900,65200,63900,64700,15068682,973133163547,0.15,005930
2020-11-23,64800,67800,64700,67500,27134398,1811363067200,4.33,005930
2020-11-24,67900,69500,67000,67700,32158235,2194516840235,0.3,005930
2020-11-25,67900,68300,66500,66600,32447065,2185553286350,-1.62,005930
2020-11-26,66100,68000,66000,68000,19023323,1279790447375,2.1,005930
2020-11-27,68000,68400,67600,68200,14063434,957450603551,0.29,005930
2020-11-30,68400,68600,66700,66700,43811016,2946475687804,-2.2,005930
2020-12-01,67100,68300,67100,67800,22327173,1513603485956,1.65,005930
2020-12-02,68400,69900,68300,69500,29703942,2060700628380,2.51,005930
2020-12-03,70100,70500,69300,69700,23677989,1654493266700,0.29,005930
2020-12-04,70400,72100,70100,71500,28130533,2010489248016,2.58,005930
2020-12-07,72400,73500,71900,72900,28490496,2071956768562,1.96,005930
2020-12-08,72200,72900,71600,71700,25000338,1804281313280,-1.65,005930
2020-12-09,72100,73900,72000,73900,24077996,1758752959520,3.07,005930
2020-12-10,72700,73800,72500,72900,39882928,2916536731883,-1.35,005930
2020-12-11,73500,73800,73100,73400,18486672,1356958867500,0.69,005930
2020-12-14,73600,74500,73200,73800,21510415,1590299594150,0.54,005930
2020-12-15,73800,74100,73300,73800,20863671,1538015446864,0.0,005930
2020-12-16,74100,74500,73400,73800,17512081,1291858716200,0.0,005930
2020-12-17,73400,73700,72600,73300,24293214,1777212529448,-0.68,005930
2020-12-18,73300,73700,73000,73000,17613029,1289758794110,-0.41,005930
2020-12-21,73100,73400,72000,73000,20367355,1477330803829,0.0,005930
2020-12-22,72500,73200,72100,72300,16304910,1183242835700,-0.96,005930
2020-12-23,72400,74000,72300,73900,19411326,1419205113900,2.21,005930
2020-12-24,74100,78800,74000,77800,32502870,2486986812800,5.28,005930
2020-12-28,79000,80100,78200,78700,40085044,3172810866091,1.16,005930
2020-12-29,78800,78900,77300,78300,30339449,2368814098000,-0.51,005930
2020-12-30,77400,81300,77300,81000,29417421,2344317462700,3.45,005930
2021-01-04,81000,84400,80200,83000,38655276,3185356823460,2.47,005930
2021-01-05,81600,83900,81600,83900,35335669,2915618322800,1.08,005930
2021-01-06,83300,84500,82100,82200,42089013,3506903681680,-2.03,005930
2021-01-07,82800,84200,82700,82900,32644642,2726112459660,0.85,005930
2021-01-08,83300,90000,83000,88800,59013307,5083939899952,7.12,005930
2021-01-11,90000,96800,89500,91000,90306177,8379237727064,2.48,005930
2021-01-12,90300,91400,87800,90600,48682416,4362546108950,-0.44,005930
2021-01-13,89800,91200,89100,89700,36068848,3244066562850,-0.99,005930
2021-01-14,88700,90000,88700,89700,26393970,2356661622700,0.0,005930
2021-01-15,89800,91800,88000,88000,33431809,2975231937664,-1.9,005930
2021-01-18,86600,87300,84100,85000,43227951,3715775992600,-3.41,005930
2021-01-19,84500,88000,83600,87000,39895044,3441342754500,2.35,005930
2021-01-20,89000,89000,86500,87200,25211127,2205739149700,0.23,005930
2021-01-21,87500,88600,86500,88100,25318011,2211209788500,1.03,005930
2021-01-22,89000,89700,86800,86800,30861661,2717635251520,-1.48,005930
2021-01-25,87000,89900,86300,89400,27258534,2410066876846,3.0,005930
2021-01-26,88800,89200,86500,86700,33178936,2899318433100,-3.02,005930
2021-01-27,86600,87700,85600,85600,26423070,2282487598000,-1.27,005930
2021-01-28,83200,85600,83200,83700,31859808,2676569098000,-2.22,005930
2021-01-29,84500,85000,82000,82000,39615978,3292344404628,-2.03,005930
2021-02-01,81700,83400,81000,83000,28046832,2311656941176,1.22,005930
2021-02-02,84100,86400,83700,84400,26302077,2234863449476,1.69,005930
2021-02-03,84800,85400,83400,84600,22112205,1864450334050,0.24,005930
2021-02-04,83500,83800,82100,82500,24171688,2000202343000,-2.48,005930
2021-02-05,83100,84000,82500,83500,18036835,1499217618600,1.21,005930
2021-02-08,83800,84200,83000,83000,15338765,1281925400900,-0.6,005930
2021-02-09,84000,84800,82700,82700,20898332,1748440766360,-0.36,005930
2021-02-10,82600,82600,81600,81600,23025766,1888591264669,-1.33,005930
2021-02-15,83800,84500,83300,84200,23529706,1978336504100,3.19,005930
2021-02-16,84500,86000,84200,84900,20483100,1740792201903,0.83,005930
2021-02-17,83900,84200,83000,83200,18307735,1526409421172,-2.0,005930
2021-02-18,83200,83600,82100,82100,21327683,1762033944231,-1.32,005930
2021-02-19,82300,82800,81000,82600,25880879,2121275310450,0.61,005930
2021-02-22,83800,84200,82200,82200,25419886,2113624966100,-0.48,005930
2021-02-23,81200,82900,81100,82000,20587314,1683933027000,-0.24,005930
2021-02-24,81800,83600,81300,82000,26807651,2208585141393,0.0,005930
2021-02-25,84000,85400,83000,85300,34155986,2880259491180,4.02,005930
2021-02-26,82800,83400,82000,82500,38520800,3175845143233,-3.28,005930
2021-03-02,85100,85300,83000,83600,33498180,2823604648915,1.33,005930
2021-03-03,83500,84000,82800,84000,19882132,1659122458768,0.48,005930
2021-03-04,82600,83200,82200,82400,24348331,2010257798200,-1.9,005930
2021-03-05,81100,82600,81100,82100,20508971,1677602868700,-0.36,005930
2021-03-08,82900,83000,81600,82000,17641256,1448480913600,-0.12,005930
2021-03-09,81400,81900,80600,81400,25420764,2066544317650,-0.73,005930
2021-03-10,82400,82500,80700,80900,20038422,1632812662321,-0.61,005930
2021-03-11,81000,82500,81000,82000,23818297,1952164587512,1.36,005930
2021-03-12,83100,83500,82400,82800,13530573,1121128514600,0.98,005930
2021-03-15,82800,82900,81800,81800,13735798,1128533403400,-1.21,005930
2021-03-16,82200,83000,82100,82800,12293537,1014280956368,1.22,005930
2021-03-17,82800,82900,82000,82300,11625146,957444384952,-0.6,005930
2021-03-18,82800,83800,82600,82900,18585244,1545980791426,0.73,005930
2021-03-19,82100,82500,81800,81900,15869700,1301953467700,-1.21,005930
2021-03-22,82000,82300,81700,82000,12670506,1039543136201,0.12,005930
2021-03-23,82600,82900,81800,81800,13299907,1092867144552,-0.24,005930
2021-03-24,81000,81600,80700,81000,17926638,1454204203800,-0.98,005930
2021-03-25,81000,82100,80800,81200,14758826,1200699288823,0.25,005930
2021-03-26,81400,81600,81000,81500,12845778,1044261903000,0.37,005930
2021-03-29,81700,81700,81000,81600,14952134,1216567675700,0.12,005930
2021-03-30,81600,82300,81300,82200,13121698,1074968693016,0.74,005930
2021-03-31,82400,82700,81400,81400,17240518,1413779202400,-0.97,005930
2021-04-01,82500,83000,82000,82900,18676461,1542484638200,1.84,005930
2021-04-02,84000,85200,83900,84800,22997538,1947586897500,2.29,005930
2021-04-05,85800,86000,84800,85400,16255990,1385160353200,0.71,005930
2021-04-06,86200,86200,85100,86000,19042023,1633460653000,0.7,005930
2021-04-07,86100,86200,85400,85600,17885538,1532760739551,-0.47,005930
2021-04-08,85700,85700,84100,84700,19244259,1629938227200,-1.05,005930
2021-04-09,84700,84900,83400,83600,18193707,1527078831700,-1.3,005930
2021-04-12,84100,84100,83100,83200,12915282,1078274477112,-0.48,005930
2021-04-13,83000,84500,82800,84000,15238206,1276903128038,0.96,005930
2021-04-14,84000,84300,83400,84000,13794652,1156326758700,0.0,005930
2021-04-15,83700,84500,83400,84100,16377412,1375438313400,0.12,005930
2021-04-16,84700,84700,83600,83900,15429522,1294516674200,-0.24,005930
2021-04-19,83800,84000,83300,83300,15287311,1277281507900,-0.72,005930
2021-04-20,83300,84000,83100,83900,15521965,1298185983040,0.72,005930
2021-04-21,83300,83500,82500,82600,21636079,1792608597200,-1.55,005930
2021-04-22,82900,83000,82400,82400,13934746,1151303986200,-0.24,005930
2021-04-23,81900,82900,81600,82800,17805080,1464208204100,0.49,005930
2021-04-26,82900,83500,82600,83500,15489938,1286360030996,0.85,005930
2021-04-27,83200,83300,82500,82900,12941533,1071381962500,-0.72,005930
2021-04-28,83200,83200,82100,82100,15596759,1284554388615,-0.97,005930
2021-04-29,82400,82500,81500,81700,20000973,1638811445660,-0.49,005930
2021-04-30,81900,82100,81500,81500,18673197,1525090284512,-0.24,005930
2021-05-03,81000,82400,81000,81700,15710336,1284767138340,0.25,005930
2021-05-04,81900,82600,81800,82600,12532550,1030147174860,1.1,005930
2021-05-06,81700,82300,81700,82300,17047511,1397109294200,-0.36,005930
2021-05-07,81800,82100,81500,81900,14154882,1158685043300,-0.49,005930
2021-05-10,82300,83500,81800,83200,19385027,1603729206300,1.59,005930
2021-05-11,82500,82600,81100,81200,28996680,2365998053700,-2.4,005930
2021-05-12,80800,81200,79800,80000,35812268,2876601949600,-1.48,005930
2021-05-13,78900,79600,78400,78500,31490096,2482903301914,-1.88,005930
2021-05-14,79000,80300,78900,80100,16450920,1313024424300,2.04,005930
2021-05-17,80800,80900,79200,79600,17740855,1414228804206,-0.62,005930
2021-05-18,79600,80000,79100,79600,17494407,1393769049380,0.0,005930
2021-05-20,79400,79700,79100,79500,16541828,1314426651400,-0.13,005930
2021-05-21,80100,81500,79800,80100,20961714,1687345199300,0.75,005930
2021-05-24,80100,80400,79500,79700,13398666,1069031356223,-0.5,005930
2021-05-25,80000,80400,79800,79900,13628942,1091584785700,0.25,005930
2021-05-26,80400,80500,79700,79800,11984359,959016261770,-0.13,005930
2021-05-27,80000,80000,79100,79600,23198510,1845463410840,-0.25,005930
2021-05-28,79800,80400,79400,80100,12360199,988665902752,0.63,005930
2021-05-31,80300,80600,79600,80500,13321324,1065281026200,0.5,005930
2021-06-01,80500,81300,80100,80600,14058401,1135461759600,0.12,005930
2021-06-02,80400,81400,80300,80800,16414644,1327714187652,0.25,005930
2021-06-03,81300,83000,81100,82800,29546007,2438122987382,2.48,005930
2021-06-04,82700,82700,81500,82200,18112259,1487791197200,-0.72,005930
2021-06-07,82700,82800,81600,81900,16496197,1353520859143,-0.36,005930
2021-06-08,82300,82600,81800,81900,12781226,1049384778500,0.0,005930
2021-06-09,81500,82000,81100,81100,14908823,1214345795800,-0.98,005930
2021-06-10,81300,81400,80900,81000,17586995,1426082429800,-0.12,005930
2021-06-11,81200,81700,80700,81000,14087962,1142077783332,0.0,005930
2021-06-14,80800,80900,80500,80500,10550078,850453174124,-0.62,005930
2021-06-15,80900,81200,80600,80900,10075685,814156162500,0.5,005930
2021-06-16,81500,81900,81100,81800,14999855,1223108169181,1.11,005930
2021-06-17,81100,81300,80700,80900,14007385,1132293020100,-1.1,005930
2021-06-18,81100,81100,80500,80500,14916721,1202369230300,-0.49,005930
2021-06-21,79700,80000,79600,79900,16063340,1282081340900,-0.75,005930
2021-06-22,80200,80300,79900,80000,11773365,942656966106,0.13,005930
2021-06-23,80500,80600,79900,80100,13856548,1110045011672,0.13,005930
2021-06-24,80400,81400,80100,81200,18771080,1515729920909,1.37,005930
2021-06-25,81500,81900,81200,81600,13481405,1099148742353,0.49,005930
2021-06-28,81700,82000,81600,81900,11578529,946992165410,0.37,005930
2021-06-29,81900,82100,80800,81000,15744317,1277813841567,-1.1,005930
2021-06-30,81100,81400,80700,80700,13288643,1075902355151,-0.37,005930
2021-07-01,80500,80600,80000,80100,13382882,1073188213795,-0.74,005930
2021-07-02,80000,80400,79900,80000,8753097,701206526029,-0.12,005930
2021-07-05,80100,80800,80000,80400,8330969,670345813400,0.5,005930
2021-07-06,80600,81200,80500,81200,12131651,982536524900,1.0,005930
2021-07-07,81200,81300,80300,80800,15992202,1289550531000,-0.49,005930
2021-07-08,81100,81200,79900,79900,16660998,1338741304400,-1.11,005930
2021-07-09,79600,79800,79000,79400,22720577,1801821474504,-0.63,005930
2021-07-12,79900,80000,79500,79700,9768108,779142132784,0.38,005930
2021-07-13,80000,80200,79800,79800,9863450,788804172500,0.13,005930
2021-07-14,79400,79600,79100,79500,11575636,918601137185,-0.38,005930
2021-07-15,79800,80600,79500,80600,13766279,1102123440533,1.38,005930
2021-07-16,80100,80100,79500,79800,10859399,865953289940,-0.99,005930
2021-07-19,79100,79200,78800,79000,13155414,1039019131200,-1.0,005930
2021-07-20,78500,79000,78400,79000,12456646,979765694400,0.0,005930
2021-07-21,79000,79100,78500,78500,12355296,971439241800,-0.63,005930
2021-07-22,79000,79800,78900,79700,12618790,1003545619247,1.53,005930
2021-07-23,79700,79900,79200,79300,9098910,723397885611,-0.5,005930
2021-07-26,79400,79500,78800,78800,10040975,792954940200,-0.63,005930
2021-07-27,79200,79400,78500,78500,11427693,900948843000,-0.38,005930
2021-07-28,78300,79200,78100,79200,12743417,1000757015703,0.89,005930
2021-07-29,78800,79400,78800,79000,14360453,1134761032300,-0.25,005930
2021-07-30,78900,78900,78500,78500,13823411,1086488907610,-0.63,005930
2021-08-02,79200,79500,78700,79300,11739124,929153637896,1.02,005930
2021-08-03,79400,81400,79300,81400,24339360,1966480433000,2.65,005930
2021-08-04,82200,83100,81800,82900,25642368,2117643006850,1.84,005930
2021-08-05,83300,83300,82000,82100,18485469,1526103630900,-0.97,005930
2021-08-06,81900,82500,81300,81500,13342623,1090225883400,-0.73,005930
2021-08-09,81500,82300,80900,81500,15522581,1267668377900,0.0,005930
2021-08-10,82300,82400,80100,80200,20362639,1643107615500,-1.6,005930
2021-08-11,79600,79800,78500,78500,30241137,2389977254924,-2.12,005930
2021-08-12,77100,78200,76900,77000,42365223,3276635421700,-1.91,005930
2021-08-13,75800,76000,74100,74400,61270643,4575267536355,-3.38,005930
2021-08-17,74000,75100,74000,74200,30944847,2304422906794,-0.27,005930
2021-08-18,73900,74600,73100,73900,29192631,2156728137400,-0.4,005930
2021-08-19,73500,74400,73100,73100,22166298,1630828844000,-1.08,005930
2021-08-20,73500,73900,72500,72700,22364803,1633795697700,-0.55,005930
2021-08-23,73300,74000,73000,73300,19384648,1424674875510,0.83,005930
2021-08-24,73900,75700,73900,75600,21016913,1574547628640,3.14,005930
2021-08-25,76200,76600,74900,75700,22319664,1688297846500,0.13,005930
2021-08-26,76100,76200,74600,74600,16671494,1254628461500,-1.45,005930
2021-08-27,74300,75000,73800,74300,15172748,1128028045800,-0.4,005930
2021-08-30,75400,75500,74200,74600,12686999,945673383900,0.4,005930
2021-08-31,74900,76700,74300,76700,24630370,1864084402507,2.82,005930
2021-09-01,76700,77100,75900,76800,16114775,1233406384400,0.13,005930
2021-09-02,76800,76800,75700,76000,15347486,1168535621773,-1.04,005930
2021-09-03,76400,76700,76000,76600,12096419,925331114200,0.79,005930
2021-09-06,76800,77600,76600,77300,12861180,993041466900,0.91,005930
2021-09-07,77100,77100,75900,76100,13239401,1008596148650,-1.55,005930
2021-09-08,76000,76400,75600,76300,11798147,897864198600,0.26,005930
2021-09-09,76400,76600,75000,75300,17600770,1329972274100,-1.31,005930
2021-09-10,75300,75600,74800,75300,10103212,760038461600,0.0,005930
2021-09-13,75200,76300,75100,76300,11397775,865368373800,1.33,005930
2021-09-14,77100,77700,76600,76600,18167057,1404205788220,0.39,005930
2021-09-15,77400,77400,76400,77000,12829128,987846688544,0.52,005930
2021-09-16,77300,77400,76100,76100,13067622,1000180664750,-1.17,005930
2021-09-17,76300,77200,75900,77200,16289502,1250677861383,1.45,005930
2021-09-23,77500,77600,76800,77400,17055590,1318209157168,0.26,005930
2021-09-24,77600,77700,77100,77300,12247274,947458981757,-0.13,005930
2021-09-27,77300,77700,77000,77700,11699798,906520162508,0.52,005930
2021-09-28,77700,77800,76200,76300,15406382,1182788461030,-1.8,005930
2021-09-29,74800,75300,73800,74100,23992458,1783148126490,-2.88,005930
2021-09-30,74300,74800,73700,74100,19919361,1478002111149,0.0,005930
2021-10-01,73900,74000,72900,73200,15803395,1157440977580,-1.21,005930
2021-10-05,73000,73000,71400,72200,24013921,1729663019790,-1.37,005930
2021-10-06,72600,72800,71200,71300,18956962,1361134080400,-1.25,005930
2021-10-07,71600,72100,71300,71600,13683532,981528388448,0.42,005930
2021-10-08,72300,72400,71500,71500,14043287,1009009438500,-0.14,005930
2021-10-12,70700,70900,68700,69000,31001484,2151234190950,-3.5,005930
2021-10-13,68700,69600,68300,68800,24172015,1670335641584,-0.29,005930
2021-10-14,69000,69800,68800,69400,19520641,1352533826700,0.87,005930
2021-10-15,70200,71000,70000,70100,18051612,1270264426455,1.01,005930
2021-10-18,70200,70300,69200,70200,13486391,942009349900,0.14,005930
2021-10-19,70800,71000,70400,70600,9507991,671983122600,0.57,005930
2021-10-20,70700,71000,70200,70300,10151638,715666115800,-0.42,005930
2021-10-21,70300,70600,70000,70200,10891094,766060174200,-0.14,005930
2021-10-22,70000,70700,70000,70400,8395448,590534144700,0.28,005930
2021-10-25,69900,70600,69500,70200,10029621,702792157900,-0.28,005930
2021-10-26,70600,71500,70400,71100,10528252,746412840225,1.28,005930
2021-10-27,71000,71000,70000,70100,10295316,723286321636,-1.41,005930
2021-10-28,69500,72200,69500,70700,20644902,1459533451800,0.86,005930
2021-10-29,71200,71600,69700,69800,17016151,1196597498200,-1.27,005930
2021-11-01,70200,70600,69900,69900,11503729,807716414830,0.14,005930
2021-11-02,70800,72200,70700,71500,16812570,1204672538100,2.29,005930
2021-11-03,71700,71700,70100,70400,12770428,901884731944,-1.54,005930
2021-11-04,71200,71600,70500,70600,11818987,839689026002,0.28,005930
2021-11-05,71600,71600,70200,70200,12667743,893824641500,-0.57,005930
2021-11-08,70400,70600,69800,70600,11121981,780514063641,0.57,005930
2021-11-09,70300,71000,70100,70500,11159589,785532089300,-0.14,005930
2021-11-10,70300,70900,70200,70200,9422009,663952838500,-0.43,005930
2021-11-11,69900,70000,69600,69900,11489122,802183238200,-0.43,005930
2021-11-12,70200,70900,69900,70600,10087450,711487813500,1.0,005930
2021-11-15,71700,71900,70900,71400,12420710,888880719596,1.13,005930
2021-11-16,71500,72000,71300,71300,10919239,782118934000,-0.14,005930
2021-11-17,71300,71600,70600,70700,11027606,782835405900,-0.84,005930
2021-11-18,70700,71000,70200,70200,10144957,715155784712,-0.71,005930
2021-11-19,70400,71400,70100,71200,11954728,844715736500,1.42,005930
2021-11-22,73300,75200,73000,74900,27506623,2047227974600,5.2,005930
2021-11-23,76000,76000,74500,75300,22029195,1656722300700,0.53,005930
2021-11-24,76000,76200,74100,74800,15652305,1174195612600,-0.66,005930
2021-11-25,75100,75100,73600,73700,12559258,929571252060,-1.47,005930
2021-11-26,73500,74100,72000,72300,13002242,944377957159,-1.9,005930
2021-11-29,71700,73000,71400,72300,16682559,1206605509200,0.0,005930
2021-11-30,73200,73900,70500,71300,30364841,2183677859000,-1.38,005930
2021-12-01,72000,74800,71600,74400,21954856,1610884710200,4.35,005930
2021-12-02,73900,75800,73800,75800,23652940,1778784775812,1.88,005930
2021-12-03,75600,76000,74100,75600,18330240,1375860953642,-0.26,005930
2021-12-06,75100,76700,74900,76300,16391250,1245309081800,0.93,005930
2021-12-07,76100,77700,75600,77400,19232453,1477888023100,1.44,005930
2021-12-08,78300,78600,77100,77400,21558340,1662978972800,0.0,005930
2021-12-09,77400,78200,77000,78200,21604528,1681184112100,1.03,005930
2021-12-10,77400,77600,76800,76900,9155219,705966272740,-1.66,005930
2021-12-13,77200,78300,76500,76800,15038750,1163285000550,-0.13,005930
2021-12-14,76500,77200,76200,77000,10976660,841446671988,0.26,005930
2021-12-15,76400,77600,76300,77600,9584939,738591816100,0.78,005930
2021-12-16,78500,78500,77400,77800,11996128,934244160164,0.26,005930
2021-12-17,76800,78000,76800,78000,13108479,1016846497195,0.26,005930
2021-12-20,77600,77800,76800,77100,11264375,869972000855,-1.15,005930
2021-12-21,77900,78300,77500,78100,14245298,1110658660990,1.3,005930
2021-12-22,78900,79400,78800,79400,17105892,1354311131000,1.66,005930
2021-12-23,79800,80000,79300,79900,13577498,1083055928000,0.63,005930
2021-12-24,80200,80800,80200,80500,12086380,973661791400,0.75,005930
2021-12-27,80600,80600,79800,80200,10783368,864327041000,-0.37,005930
2021-12-28,80200,80400,79700,80300,18226325,1458198874200,0.12,005930
2021-12-29,80200,80200,78500,78800,19794795,1569040228400,-1.87,005930
2021-12-30,78900,79500,78100,78300,14236700,1120743115800,-0.63,005930
2022-01-03,79400,79800,78200,78600,13502112,1066006837750,0.38,005930
2022-01-04,78800,79200,78300,78700,12427416,977990613000,0.13,005930
2022-01-05,78800,79000,76400,77400,25470640,1967841509800,-1.65,005930
2022-01-06,76700,77600,76600,76900,12931954,996378432570,-0.65,005930
2022-01-07,78100,78400,77400,78300,15163757,1184236552700,1.82,005930
2022-01-10,78100,78100,77100,78000,9947422,772740467800,-0.38,005930
2022-01-11,78400,79000,78000,78900,13221123,1038834579600,1.15,005930
2022-01-12,79500,79600,78600,78900,11000502,868910854000,0.0,005930
2022-01-13,79300,79300,77900,77900,13889401,1088598373464,-1.27,005930
2022-01-14,77700,78100,77100,77300,10096725,781574668408,-0.77,005930
2022-01-17,77600,77800,76900,77500,8785122,678903113900,0.26,005930
2022-01-18,77600,77800,76600,77000,9592788,740278857400,-0.65,005930
2022-01-19,76500,76900,76100,76300,10598290,810150634900,-0.91,005930
2022-01-20,76200,76700,75900,76500,9708168,741154141302,0.26,005930
2022-01-21,75800,75800,74700,75600,15774888,1186292783000,-1.18,005930
2022-01-24,75400,75800,74700,75100,13691134,1028859496700,-0.66,005930
2022-01-25,74800,75000,73200,74000,17766704,1313117613328,-1.46,005930
2022-01-26,73900,74400,73100,73300,12976730,955547183400,-0.95,005930
2022-01-27,73800,74000,71300,71300,22274777,1603685111200,-2.73,005930
2022-01-28,71300,73700,71200,73300,21367447,1552585967650,2.81,005930
2022-02-03,74900,74900,73300,73300,17744721,1314506070081,0.0,005930
2022-02-04,74300,74600,73400,74000,12730034,941413120563,0.95,005930
2022-02-07,73500,73600,72400,73000,14240838,1037300433232,-1.35,005930
2022-02-08,73800,74200,73000,73500,11736666,863666435400,0.68,005930
2022-02-09,74300,74700,74000,74700,9699122,722221184750,1.63,005930
2022-02-10,75600,75800,74700,75400,17746033,1337516647000,0.94,005930
2022-02-11,75000,75500,74600,74900,12205407,915455022610,-0.66,005930
2022-02-14,74400,74500,73100,73700,13993255,1030683563200,-1.6,005930
2022-02-15,74100,74200,73100,73700,9320365,686706909200,0.0,005930
2022-02-16,74600,74900,74200,74800,10767386,802448854700,1.49,005930
2022-02-17,75000,75600,74500,75000,13605382,1021980123500,0.27,005930
2022-02-18,74600,74800,73700,74300,10122226,751583038400,-0.93,005930
2022-02-21,73200,74300,72600,74200,10489717,769773939300,-0.13,005930
2022-02-22,73000,73400,72800,73400,11692469,854469006291,-1.08,005930
2022-02-23,73800,73800,72800,73000,10397964,759964784500,-0.54,005930
2022-02-24,72300,72300,71300,71500,15759283,1130166428800,-2.05,005930
2022-02-25,72100,72600,71900,71900,13168484,950762004400,0.56,005930
2022-02-28,71100,72100,71000,72100,17781783,1272250751300,0.28,005930
2022-03-02,72300,72400,71500,71700,12481430,897368743880,-0.55,005930
2022-03-03,72300,73100,72200,72900,13232638,962676478940,1.67,005930
2022-03-04,72700,72700,71200,71500,13409634,960572417800,-1.92,005930
2022-03-07,70000,70600,69900,70100,18617138,1305288850400,-1.96,005930
2022-03-08,68800,70000,68700,69500,15828269,1100279437100,-0.86,005930
2022-03-10,70800,71200,70500,71200,21159248,1500935516076,2.45,005930
2022-03-11,70500,70700,69700,70000,15787655,1105586321900,-1.69,005930
2022-03-14,70000,70200,69600,70200,9040993,632752468500,0.29,005930
2022-03-15,69800,70100,69500,69500,10258562,715550312992,-1.0,005930
2022-03-16,70200,70500,69700,70400,10175750,713364992981,1.29,005930
2022-03-17,71200,71800,70900,71200,17646315,1258698481050,1.14,005930
2022-03-18,70600,70900,70200,70700,14410038,1017183110700,-0.7,005930
2022-03-21,70900,71000,69900,69900,11169002,784175429300,-1.13,005930
2022-03-22,69900,70500,69900,70300,9402666,660385691100,0.57,005930
2022-03-23,70600,71200,70300,70500,12398025,875833161100,0.28,005930
2022-03-24,69600,70300,69600,69800,37943357,2628885553700,-0.99,005930
2022-03-25,70100,70200,69600,69800,12986010,906006321000,0.0,005930
2022-03-28,69500,69900,69200,69700,12619289,878172199900,-0.14,005930
2022-03-29,70000,70300,69800,70200,13686208,958589509700,0.72,005930
2022-03-30,70300,70500,69800,69900,12670187,887514318650,-0.43,005930
2022-03-31,69900,70200,69600,69600,12510366,873212583300,-0.43,005930
2022-04-01,69500,69500,69000,69100,15916846,1100422376400,-0.72,005930
2022-04-04,68900,69300,68600,69300,11107905,766930294459,0.29,005930
2022-04-05,69400,69600,69100,69200,8467248,586498194900,-0.14,005930
2022-04-06,68600,68800,68500,68500,15517308,1064606110092,-1.01,005930
2022-04-07,68500,68500,68000,68000,20683327,1409872624700,-0.73,005930
2022-04-08,68100,68300,67700,67800,15453191,1050375034852,-0.29,005930
2022-04-11,67800,68100,67400,67900,12263735,831094572700,0.15,005930
2022-04-12,67600,67700,67000,67000,13924389,936611863500,-1.33,005930
2022-04-13,67300,69000,67200,68700,17378619,1183210424500,2.54,005930
2022-04-14,68700,68700,67500,67500,16409494,1112667612000,-1.75,005930
2022-04-15,67200,67300,66500,66600,13176415,878858388800,-1.33,005930
2022-04-18,66500,67100,66100,66700,10119203,675310095100,0.15,005930
2022-04-19,67100,68000,67000,67300,12959434,876087930051,0.9,005930
2022-04-20,67000,67400,66500,67400,16693293,1116160503800,0.15,005930
2022-04-21,67600,68300,67500,67700,12847448,872983300180,0.45,005930
2022-04-22,67200,67300,66700,67000,11791478,789392306300,-1.03,005930
2022-04-25,66500,66700,66300,66300,11016474,731676244400,-1.04,005930
2022-04-26,66400,66700,66100,66100,12946923,858461258448,-0.3,005930
2022-04-27,65400,65500,64900,65000,18122084,1179918512650,-1.66,005930
2022-04-28,65400,65500,64500,64800,16895527,1094277578880,-0.31,005930
2022-04-29,65100,67600,65000,67400,26190390,1747030218800,4.01,005930
2022-05-02,66600,67600,66500,67300,14106184,946016270200,-0.15,005930
2022-05-03,67400,68400,67300,67500,14168875,962643054300,0.3,005930
2022-05-04,68000,68400,67500,67900,11505248,781073326235,0.59,005930
2022-05-06,67000,67100,66500,66500,14356156,957335193600,-2.06,005930
2022-05-09,66300,66900,66100,66100,11858736,787562955000,-0.6,005930
2022-05-10,65900,66300,65300,65700,17235605,1132067708900,-0.61,005930
2022-05-11,65500,66300,65200,65700,12330920,812298026600,0.0,005930
2022-05-12,65200,65500,64900,64900,16414188,1069685385550,-1.22,005930
2022-05-13,65300,66700,65200,66500,14551536,962476162900,2.47,005930
2022-05-16,67100,67400,66100,66300,11937555,796060691900,-0.3,005930
2022-05-17,66600,67900,66600,67600,15680447,1058322764800,1.96,005930
2022-05-18,68300,68700,67600,68100,16486319,1122585202585,0.74,005930
2022-05-19,66500,67600,66500,67500,17073727,1147743790508,-0.88,005930
2022-05-20,67800,68400,67700,68000,12109671,824048609800,0.74,005930
2022-05-23,68800,68800,67600,67900,13684088,931341158100,-0.15,005930
2022-05-24,67500,67700,66500,66500,15482576,1035492905500,-2.06,005930
2022-05-25,66700,67100,65900,66400,15150490,1007805029400,-0.15,005930
2022-05-26,66300,67200,65500,65900,15970890,1057298883100,-0.75,005930
2022-05-27,66700,66900,66200,66500,11405555,759034579700,0.91,005930
2022-05-30,67500,67800,66900,67700,14255484,960592764000,1.8,005930
2022-05-31,67500,67500,66700,67400,24365002,1637773742750,-0.44,005930
2022-06-02,66600,67000,66400,66700,14959443,996681075588,-1.04,005930
2022-06-03,67200,67300,66800,66800,8222883,550654655700,0.15,005930
2022-06-07,66200,66400,65400,65500,19355755,1273444989300,-1.95,005930
2022-06-08,65400,65700,65300,65300,12483180,817379109300,-0.31,005930
2022-06-09,65100,65200,64500,65200,25790725,1673763680952,-0.15,005930
2022-06-10,64000,64400,63800,63800,22193552,1419245099700,-2.15,005930
2022-06-13,62400,62800,62100,62100,22157816,1380636801900,-2.66,005930
2022-06-14,61200,62200,61100,61900,24606419,1519195265000,-0.32,005930
2022-06-15,61300,61500,60200,60700,26811224,1630190882434,-1.94,005930
2022-06-16,61300,61800,60500,60900,23394895,1431052309321,0.33,005930
2022-06-17,59400,59900,59400,59800,29053450,1732449618748,-1.81,005930
2022-06-20,59800,59900,58100,58700,34111306,1997076972175,-1.84,005930
2022-06-21,58700,59200,58200,58500,25148109,1474998298400,-0.34,005930
2022-06-22,59000,59100,57600,57600,23334687,1360076149300,-1.54,005930
2022-06-23,57700,58000,56800,57400,28338608,1627019443340,-0.35,005930
2022-06-24,57900,59100,57700,58400,23256103,1359292776100,1.74,005930
2022-06-27,59000,59900,58300,58800,18122236,1071186745402,0.68,005930
2022-06-28,59200,59500,58700,59400,13540538,800041009700,1.02,005930
2022-06-29,58500,58800,58000,58000,14677138,855770425874,-2.36,005930
2022-06-30,57200,57600,57000,57000,18915142,1082799462452,-1.72,005930
2022-07-01,56900,57500,55900,56200,24982097,1412473217495,-1.4,005930
2022-07-04,56100,57400,55700,57100,17807126,1012586831300,1.6,005930
2022-07-05,57600,58200,57200,57200,14216539,818079785900,0.18,005930
2022-07-06,57300,57300,56400,56400,16820461,955957046500,-1.4,005930
2022-07-07,56400,58700,56300,58200,21322833,1234677644065,3.19,005930
2022-07-08,58600,59300,58200,58700,15339271,902198939736,0.86,005930
2022-07-11,59300,59600,58700,58800,13042624,771042671500,0.17,005930
2022-07-12,58600,58700,58100,58100,9336061,544403361000,-1.19,005930
2022-07-13,58300,58600,58000,58000,10841315,631711977700,-0.17,005930
2022-07-14,57500,58200,57400,57500,15067012,869131233435,-0.86,005930
2022-07-15,58400,60000,58100,60000,18685583,1104045143300,4.35,005930
2022-07-18,60600,62000,60500,61900,20832517,1277727157981,3.17,005930
2022-07-19,61400,61500,60200,60900,15248261,925919721166,-1.62,005930
2022-07-20,61800,62100,60500,60500,16782238,1025939109200,-0.66,005930
2022-07-21,61100,61900,60700,61800,12291374,754854999650,2.15,005930
2022-07-22,61800,62200,61200,61300,10261310,631872940300,-0.81,005930
2022-07-25,60900,61900,60800,61100,9193681,565540190900,-0.33,005930
2022-07-26,60800,61900,60800,61700,6597211,405310045900,0.98,005930
2022-07-27,61300,61900,61200,61800,7320997,449989960800,0.16,005930
2022-07-28,62300,62600,61600,61900,10745302,667085256100,0.16,005930
2022-07-29,62400,62600,61300,61400,15093120,932917972000,-0.81,005930
2022-08-01,61000,61700,60300,61300,13154816,803034710500,-0.16,005930
2022-08-02,61200,61900,61000,61700,13614895,837567187000,0.65,005930
2022-08-03,61600,61600,61000,61300,10053861,615480978400,-0.65,005930
2022-08-04,61700,61800,61200,61500,9125439,561835808800,0.33,005930
2022-08-05,61700,61900,61200,61500,9567620,588582544800,0.0,005930
2022-08-08,61400,61400,60600,60800,11313150,689020306900,-1.14,005930
2022-08-09,60600,60700,59600,60000,18251170,1094260322600,-1.32,005930
2022-08-10,58900,59200,58600,59100,18084349,1065592854894,-1.5,005930
2022-08-11,59600,60000,59300,59900,15141941,903738904000,1.35,005930
2022-08-12,59500,60700,59400,60200,10786658,648793200100,0.5,005930
2022-08-16,60500,61600,60300,61000,15036727,917516142200,1.33,005930
2022-08-17,61100,61200,60300,60400,9061518,550059085700,-0.98,005930
2022-08-18,60300,61900,60000,61500,16372754,997986949000,1.82,005930
2022-08-19,61400,61600,60600,60900,6923679,421908759900,-0.98,005930
2022-08-22,60300,60400,59800,60000,8259865,495732266100,-1.48,005930
2022-08-23,59000,59600,59000,59100,9041629,535657353300,-1.5,005930
2022-08-24,59200,59500,59000,59000,8888486,525406965200,-0.17,005930
2022-08-25,59200,59700,59000,59700,5767902,342780937200,1.19,005930
2022-08-26,60300,60900,59900,60000,9499995,573040309950,0.5,005930
2022-08-29,58700,58900,58600,58600,9841329,577684200900,-2.33,005930
2022-08-30,58700,59000,58300,58800,9690044,567627668500,0.34,005930
2022-08-31,58200,59900,58200,59700,14203512,841319635900,1.53,005930
2022-09-01,58700,58900,58300,58400,14905777,872374620601,-2.18,005930
2022-09-02,58300,58600,57500,57500,15040310,872040367551,-1.54,005930
2022-09-05,57400,57800,56800,57100,11425977,653884056584,-0.7,005930
2022-09-06,57200,57600,56900,57100,7503086,429152038700,0.0,005930
2022-09-07,56700,56700,55900,56000,17384854,975695179700,-1.93,005930
2022-09-08,56200,56400,55600,55600,18000016,1006366398000,-0.71,005930
2022-09-13,57000,58500,56800,58100,17166581,991015891355,4.5,005930
2022-09-14,56200,57200,56100,56800,12524961,709906007000,-2.24,005930
2022-09-15,57000,57100,56000,56000,11664819,657641711500,-1.41,005930
2022-09-16,55600,56400,55500,56200,13456503,752455682838,0.36,005930
2022-09-19,56300,57000,56000,56400,12278653,693636680000,0.36,005930
2022-09-20,56400,57000,55800,55800,14041465,788331519815,-1.06,005930
2022-09-21,55400,55500,55000,55300,11863700,655017421100,-0.9,005930
2022-09-22,54600,54700,54300,54400,12786510,696058101600,-1.63,005930
2022-09-23,54400,54900,54200,54500,10555964,575503622100,0.18,005930
2022-09-26,53700,54200,53600,53900,15008449,807353273300,-1.1,005930
2022-09-27,53800,54200,53500,54200,16631289,897144417709,0.56,005930
2022-09-28,53900,54400,52500,52900,19991129,1064665579214,-2.4,005930
2022-09-29,53300,53700,52600,52600,13882080,737730681500,-0.57,005930
2022-09-30,52300,53600,51800,53100,22503249,1187343660500,0.95,005930
2022-10-04,55300,55400,54500,55200,19148435,1056852669700,3.95,005930
2022-10-05,56900,57200,55400,56000,22458970,1261934048318,1.45,005930
2022-10-06,56700,57300,56300,56300,14944446,848081763100,0.54,005930
2022-10-07,55900,56900,55200,56200,16886813,949027146468,-0.18,005930
2022-10-11,54400,55700,54000,55400,21437877,1172168853325,-1.42,005930
2022-10-12,55700,57000,55200,55800,18408910,1032656163200,0.72,005930
2022-10-13,55400,56100,55200,55200,13784602,765435187900,-1.08,005930
2022-10-14,56200,56500,55800,56300,12924326,726962989400,1.99,005930
2022-10-17,55800,57000,55700,56600,13641878,769638197200,0.53,005930
2022-10-18,56700,57100,55800,56500,14820702,835744764000,-0.18,005930
2022-10-19,56700,56900,55700,55800,12660652,710947532900,-1.24,005930
2022-10-20,55200,56000,55100,55500,17107653,949265250905,-0.54,005930
2022-10-21,55100,56300,55100,55900,11456060,640343092816,0.72,005930
2022-10-24,57000,57500,56700,57500,16944503,968892104300,2.86,005930
2022-10-25,57000,58600,57000,57700,17405678,1009512119302,0.35,005930
2022-10-26,58000,59600,57700,59400,20824967,1227076491560,2.95,005930
2022-10-27,59700,60100,58900,59500,21756712,1296030977930,0.17,005930
2022-10-28,58900,59200,57200,57300,20924937,1213293156195,-3.7,005930
2022-10-31,58100,59900,58000,59400,18999514,1126467842000,3.66,005930
2022-11-01,59900,60300,59500,60000,17201647,1030380927406,1.01,005930
2022-11-02,59700,60000,59300,59600,13202919,787057605000,-0.67,005930
2022-11-03,58600,59800,58100,59200,17492162,1029199659366,-0.67,005930
2022-11-04,59100,59500,58400,59400,12445841,734525784600,0.34,005930
2022-11-07,59700,60300,59400,60200,12437246,747350127100,1.35,005930
2022-11-08,60500,61900,60500,61800,18273898,1123976801804,2.66,005930
2022-11-09,62000,62200,61300,62000,14045592,869644724000,0.32,005930
2022-11-10,61400,61500,60400,60400,21087633,1283005045328,-2.58,005930
2022-11-11,63100,63200,62300,62900,20037163,1257129641861,4.14,005930
2022-11-14,62900,62900,61700,61900,15973416,993352234080,-1.59,005930
2022-11-15,62200,62500,61600,62400,12310986,764117239743,0.81,005930
2022-11-16,62400,62700,61700,62700,12909260,804219667250,0.48,005930
2022-11-17,62000,62000,61300,61400,13298296,819118806800,-2.07,005930
2022-11-18,61800,62400,61400,61800,12236503,757454905470,0.65,005930
2022-11-21,61400,61800,60800,61400,9378097,573783339409,-0.65,005930
2022-11-22,60900,61200,60300,60600,9411289,571460562800,-1.3,005930
2022-11-23,61200,61300,60700,61000,8765050,534580211500,0.66,005930
2022-11-24,61200,61700,60900,61400,8125010,497273294550,0.66,005930
2022-11-25,61400,61700,60800,61000,6677933,407953216200,-0.65,005930
2022-11-28,60500,60500,59800,60100,8589032,515486605100,-1.48,005930
2022-11-29,59900,60600,59800,60600,7014160,422226001673,0.83,005930
2022-11-30,60400,62200,60200,62200,19768903,1218354958444,2.64,005930
2022-12-01,63100,63200,62300,62600,16631445,1044546161950,0.64,005930
2022-12-02,62500,62500,60400,60400,15331184,935960853120,-3.51,005930
2022-12-05,60900,61100,60000,60300,13767787,832613739000,-0.17,005930
2022-12-06,59800,60100,59200,59200,13888300,827339804388,-1.82,005930
2022-12-07,58800,59600,58500,58900,12100662,714083283900,-0.51,005930
2022-12-08,58700,59200,58600,59200,12986815,766212023592,0.51,005930
2022-12-09,59300,60600,59300,60400,10529632,633777717900,2.03,005930
2022-12-12,59900,60000,59400,59500,9036472,538557972800,-1.49,005930
2022-12-13,59600,60300,59400,59700,9040873,539587782200,0.34,005930
2022-12-14,59800,60600,59800,60500,8207485,495209255105,1.34,005930
2022-12-15,59800,60200,59300,59300,8716039,519762171147,-1.98,005930
2022-12-16,58300,59500,58300,59500,13033596,769867746731,0.34,005930
